,TIER,SUMMONERID,SUMMONERNAME,LEAGUEPOINTS,WINS,LOSSES,VETERAN,INACYIVE,FRESHBLOOD,HOTSTREAK
0,GRANDMASTER,Y7S49aVVJeQvSsfrv18ZpdkSUNfrpFtByfTsrrBMkoWSjUc,GALIOSUPKING,625,304,278,0,0,0,0
1,GRANDMASTER,UYMVPoLxSpvSVpi1183NTZ7G04Hjxsgx-RiOxOgq7J5-RdA6bQoIkbdZYw,5leec,849,680,641,0,0,1,0
2,GRANDMASTER,wlglV28VDFRD2c4DY4xbVO5UoIzhruXF4NZUneQWiFL-bQa96XPbYO4Aig,aurorarr,623,124,62,0,0,1,0
3,GRANDMASTER,joN_1cJMjlDzcGCQ5ruIbabiynYDhOrRv_591Fs2LW252_uV5xV_P8zAqw,하 겜중이잖니,613,408,376,0,0,1,0
4,GRANDMASTER,mIT9UI6ByCyll9MYv52JtMNoQ_RjEQwRLSejoAZaYBoonLg,가글in,931,207,169,0,0,0,0
5,GRANDMASTER,8ooMf4jRPxqqH_HShDMUOH9rCxjjwzfOqMbK4Yix4XV86FptGRNd5IqHrA,Godlou,641,296,244,0,0,1,0
6,GRANDMASTER,qgeaQWmgxIF8vqDwyr0PzdTAvwy_T3eMIP04DCYQfhBTxXU,수라차,722,281,254,0,0,0,0
7,GRANDMASTER,8fe4QRrITsH3Fb2BG4r9CNduBAKEYqZzsTKOFrykzRra3-0,배울게많은06,609,707,661,0,0,1,0
8,GRANDMASTER,rhTSuh9tPQWDjahlI9xpFjFsULyu5GRAIZmeoBkLWFE2KkXGSd2dzRMe8w,wo shi sb,622,260,231,0,0,1,1
9,GRANDMASTER,dv0slyyWu5rdPIeReqmA7nK_ZFNR5dzAHPf5fBW9CplAgZ8nrfSn-rLHuA,초보메이지유저,874,381,340,1,0,0,1
10,GRANDMASTER,sHdf1PslFltkGHtXBqAvzQoGPNL-K4A9vd_yvXHSEGznIHI,자러갈래,633,468,443,0,0,1,1
11,GRANDMASTER,nEau54Rkzdb2ar_faXnd4jT3IBAXH7WT7vFM9fZZQTLSatxI790yC9Nlug,sywnxaiusdnq,918,324,277,0,0,1,1
12,GRANDMASTER,OVsSONJwR-JDxe4p572k8ZRuHnJ1Fgcm61UiLByDfu0qTXVfRJOikzhoqQ,120clock,709,225,197,1,0,0,0
13,GRANDMASTER,WrL3Ct5Wp7bMM65n5k1AS8aOIxZLUF_2KRrmaCr6N9cGvw,김진세,619,179,149,0,0,1,0
14,GRANDMASTER,MSLQPemwYMQKXeicfFitny0kpGmssD6jBowfmMf4uUmsEkY,꿈 희망 용기,611,107,59,0,0,0,0
15,GRANDMASTER,ESN8PjR_rRU2K6ncTZsnLlMUiDwd9poDCc0LNh9ITUB9hRU,해 일,570,291,255,0,0,1,0
16,GRANDMASTER,_03oFgMsd6GKOXL8mot44VxpKYhSudGnbffbsOblZw_UCAI,BLGG,818,308,270,0,0,0,0
17,GRANDMASTER,ZlEe4NiO3xuiGqisciK0GsE79T4D6fhafplHqvExxW9I2nE,ITZY,639,280,251,0,0,1,1
18,GRANDMASTER,FatKkq3kQ3bGLOhDGJWytqXeZqMc5gsD9n-Qq6veXU5OVL0,미니2,617,128,98,0,0,0,0
19,GRANDMASTER,o0onImKrG4obA9JfW1ifSmItdWHX0yJF-47kUHfGL7Yqr5y3qYahDaecdQ,김민교 수제자,848,147,116,0,0,0,0
20,GRANDMASTER,qIZD2g4tOA-haGcO-hbAhHW762rlcHYyQtmL5a1eFuim1IzgBI3R-Yy3YQ,최기명,800,160,112,0,0,0,0
21,GRANDMASTER,z-8nghkfF8X0_XngVzf7JkPhPwP5wWM48x5tQC28T5cWwbSr,KT Way,658,165,135,0,0,1,0
22,GRANDMASTER,RZnps_YgB2Gr1qnbSFBM7CD-1ZxNSQZMFhbFFhnseTX7Tg,Drico,614,311,275,0,0,1,0
23,GRANDMASTER,wlz2g7Rzue6sueCqJM2RyWFtWzvlkNpdMkxVyQQEM-yb5PjR8bOZSEjYHQ,Ryanccqqhh2,694,277,252,1,0,0,0
24,GRANDMASTER,lW541MypIIsjsLNLdUGVK1owWTGS41wKLlrVdJsLfu8HAB1t_SHAJx3Q6g,이제채팅치면개,775,375,332,1,0,0,0
25,GRANDMASTER,1UoKNchSXOBPRQZoJv_Xntf-Q_MfcEQbMxlaJgL1v_yuUF0,lli1ll1i1l1i1i11,684,304,267,0,0,0,0
26,GRANDMASTER,qTjM3H78XPsJtOsZpXgvJJovsRsRiKHPqqscI87QvjalNT8b,생각 또 생각,795,135,81,0,0,0,0
27,GRANDMASTER,BZHkIx_JucONfXcVede4D2Rn3Alake5MGg7NfQjA7Z_OWA,미쳐놈,696,146,107,0,0,1,0
28,GRANDMASTER,_u4Nb9XP4kdm8D0RJiwAT44qVFpk9RB01Ktfhcfonc0asHovhwtLmWlIqg,TAO  GOD,813,229,179,1,0,0,0
29,GRANDMASTER,-6n92ja-oVCI0ZhasruheBVPWyoWTd_BlqjPyEk1mMVvTxE-,바보 현수,884,565,521,0,0,0,0
30,GRANDMASTER,acDmaDqPl-egr9ek9LRFhINHTEEZyHLRNGWA17QhXUYMxj0,옆집천사   성 조,619,390,373,0,0,1,0
31,GRANDMASTER,Su3InHY-7pz7VmjEwR531ftU76dvkf_NcDoZf7z_NL77Dnk,참새크면비둘기,905,102,62,0,0,0,1
32,GRANDMASTER,TTlEl_6sq2tiCtG8wHJ-kn9sHC2iKeyVE93xnpDMSvw8cLk,sunghyuk39,748,501,462,1,0,0,0
33,GRANDMASTER,2itrLBwP4UKgAsU99ezHZGhs92NItgxkCf8g_HmgdTZmyZ4,pdxx3,683,418,394,0,0,0,0
34,GRANDMASTER,oYZUE1N2CiDKGrAOZh0khVo-lO5vTvqWWSa_BNMYi-jvkT-YBrFOUEl9_g,hyena06,668,423,383,0,0,1,0
35,GRANDMASTER,2iPO-XGSpWjMD_-9kQ8fez2auzhxoKUAuD9WqAzY4zFJjvQ,헤어지기 싫어,684,394,366,0,0,1,0
36,GRANDMASTER,qyKFIFhtTMXtYkZKvGm_Di2_WN1PA91CNkyhfv_Z6rj04RDsbWHq_DtArQ,bravery,818,477,443,0,0,1,1
37,GRANDMASTER,3IFoZqWp7N2RPU4ZJd4mlKc705ozI_1_yEuaEAakh6zHTHzoGePPm5Xi4w,고장난 상태,877,253,223,1,0,0,0
38,GRANDMASTER,UvYtKr_fmQHSrmepA-tc9b1OQ8AowHAS5IHFHy5DtCnr44GhAOWjza1Pnw,BRO Mollu,806,128,88,0,0,0,0
39,GRANDMASTER,Cmeg18At9JSeDq2skUA61Ye1xImtxPuXGjV3-hJIyhPmwM5LlKCxieTpXQ,nothingtohappy,711,280,242,1,0,0,0
40,GRANDMASTER,Y2JgxNKbx0O__5tTSpoUh91pCE4Pl32xf96zOwaT1VfCyos4V6uCGtQLCQ,wangbadashen001,732,394,339,1,0,0,0
41,GRANDMASTER,ERLoxInoOWsSW9iKUgtFbdTuN9mwoQ3dWyE0OmV03PoKV7rDkqVvcMA4Ag,Youhuadaole,611,844,820,0,0,1,0
42,GRANDMASTER,1DKMFB1dMsDi1ElSh7hYeC8eGgbSJb2_kBOk1cPut8OuOeYtRMR0qG6a7g,돼지크면맘모스,946,919,875,0,0,1,1
43,GRANDMASTER,cSqeGIexEJOPBI1oDHWb28xpddv4BBIsVkg1ntgqD9N1pacB3a_Q3K2N_A,Tread On Me,685,359,326,0,0,0,0
44,GRANDMASTER,xyvABGIezsuNdmgFOHAVPfRE-xTFUpDftZGpsSKrd7uo8jU,dreams0,670,136,92,0,0,0,0
45,GRANDMASTER,kVYkiLfqLLc2YQjdPkHL8oVj65kyuFcaKhrDs7WJ2ocMzmKP83yWIbWKvg,bot gap guy,850,173,127,0,0,1,0
46,GRANDMASTER,NuYa7nIKkAWD1OBGA4EZCRrVI2FiPa7jJXRjFpqpTAVc9w,울짖뽀,715,156,119,0,0,0,1
47,GRANDMASTER,r9EXwHO2NVVebIdX2pyulV_XOKZDcPP_okwtupf0gYSc1loWvsBjiIy5Pg,퀴인 카,763,269,217,0,0,1,0
48,GRANDMASTER,hmvbDXgbJjw6cJT16PY8NNapaFgK5aJLdt7pS2phSoYlMok,1픽보다잘함,717,281,247,0,0,0,1
49,GRANDMASTER,O4VzNw6lN_2dn_TX3b2oiBBHbx3e05XJ0je9xkd3er0QXMDTbB-bzNmzBQ,Zac,933,604,574,0,0,1,1
50,GRANDMASTER,CjOrs6iCStnee7iA-YhlJOiSWrjv5Ev7r_6-kmUWXkP6hxbyL_Pxclv1cw,KDF Lancer,669,266,232,0,0,1,0
51,GRANDMASTER,flcFfneUDV8FeQvDwG4cz6R0COvHYQrkP4ibqxLN6aPFwDE,duouodarao,755,119,78,0,0,0,0
52,GRANDMASTER,YgWF_w4U9rFgbqbIFlGnN5qQGZCw3g9maq_QRHHn87ON7DG4Kxo873JsXA,mini jiao,572,258,211,0,0,0,0
53,GRANDMASTER,4R0ylCGfxadp4ve42pYV_eFnv5rqYhpKKKawFKAHFRXKs8x6hzbCSAeCzQ,대머리,733,306,283,1,0,0,0
54,GRANDMASTER,uPoBeESc6MOsKsv6X9TOn78vWmrOM088zpwOMzrCoLq9OQ,녹슨칼 손질하기,641,400,365,0,0,0,1
55,GRANDMASTER,b3qSsBKuuc8bE46pCptBsf9Ls9SlVNywRHxT91d0T7BIFaKh,커리쥐,849,244,216,0,0,1,0
56,GRANDMASTER,Cqs4S8Edayxy5u1KN7S6axKKM6T1ZJQCi5kQHIxI9aMqLjs,Chuno King,821,250,219,0,0,0,0
57,GRANDMASTER,qohAciBUX6W4D5-I_P1lCJByhPlrrFwrGTNiomnRxW2HoEU,벌거벗은 용사1,618,205,143,0,0,1,1
58,GRANDMASTER,701LSDAyObfW5uGT5OgICoyG66KOTWXtzHDsWeYN8VwJsdtO,blueil,720,129,89,0,0,1,1
59,GRANDMASTER,mCrQYN_GjbqIFCYDN1C4z8ivgrLSdjjS-X7RsgfsuLLOCEvJ7ZAVHgMVEg,Xianghanzhi1,822,375,331,1,0,0,1
60,GRANDMASTER,OQWcVUOkFnB12wCUco1d-O9kxjSIPMZBYVsLh3-ZCdOykQr__3xTGXfJkA,LSB Lihao,760,183,148,1,0,0,0
61,GRANDMASTER,zWGOgvn9dloKJ_q8XUcbm-sSd2_ITxqELNSctMqRmz1-l40,Vexby,621,311,284,0,0,1,0
62,GRANDMASTER,5rbdtkBomCxr8B59zA7kuW3mDh0-cgTjlrxr3WCrFurxwHafP-6BiyS6ZA,Yukiheal,818,532,465,0,0,1,0
63,GRANDMASTER,SFbPQBrPYg6XRltBl0J7VkEcdJ0UdC4J8_eYb5S4asPBy6W06izePzF0tA,yzcyzc,785,601,542,0,0,1,0
64,GRANDMASTER,hnHsBefDwV8WAVSt67SSGucEO_Iig-GlXlC--MHI9ZRBZHKBtPiUcXfxSA,호가지,699,288,224,0,0,1,0
65,GRANDMASTER,eE7bEryCqSea8cHswcDVkXkYXt7tGbGssqYGmcIKNaiBlJQ,Seojaewon,669,199,166,0,0,0,0
66,GRANDMASTER,weNS50IaJfjuylecdKWgdQarPPV3T1MWMwVQOmPdqnLNSE8,Enosh3,602,170,140,0,0,0,0
67,GRANDMASTER,5fYl3VPjkyj9g2N1EdCYirIH0xC3a4hFT-tNzEoED5Uoe8TGSwgJFB6njA,jxsjrn,757,386,357,0,0,1,0
68,GRANDMASTER,tyk3ELWui4Ln4UHBd-JQ1xSL7O3jVH1xAmxxAykm35mGdnA,jkjkjkjkk,706,485,453,0,0,0,0
69,GRANDMASTER,Ga7ighL07br-LihEAHvHoaVHkuHJmj726mFL_4CYPbn8vtSlRQhwOIye9A,wsg2,629,369,349,0,0,1,0
70,GRANDMASTER,Yj_Bz-ZGYj--5z9OXREtH_fFhxZerPd2QVlrsCwgLan6gDakjcSeKY0czA,사랑스러운 슬기,618,165,146,0,0,1,0
71,GRANDMASTER,lPZCEeT3E04Qwbw0CL-mOaA1xsTG6Swaydx86rsuSYB3I9E,노력을 실력으로,758,215,179,0,0,0,0
72,GRANDMASTER,6Ykp0CYoU8C8yQGZqaO0DimFPKSZ5rBnTy7zgMzhiMRnS1ld2Kwu_-iRlQ,O7 top,570,420,387,0,0,1,0
73,GRANDMASTER,7nEL0SFzqVtJdb3O-gvNzOvHPT9M7dN5q3t9BI_Q__5vPpt6RHFwY-DY7A,스나킹,621,649,619,0,0,1,1
74,GRANDMASTER,iuAXShSWTtVFlT0VMzbtBKSd3q--yZfxOpLph1vuw0b1SzMqO5PjrmEJXw,김잡초,613,421,391,0,0,1,0
75,GRANDMASTER,u2BrAbcD8bsBf2kopfP43u0fhTkBAsk5N305zLoAh5gQ6e_s,케리한다는마인드,612,264,240,0,0,1,1
76,GRANDMASTER,Cx6xLm05_ZIeJhIG4pcqtF61m-eJx1EdjpriMmtUdsRHWXU,T1 Dal,642,202,178,0,0,0,0
77,GRANDMASTER,8HiCSG2_z670qlLIsq102KrtGoBYGj2AfWKmuEpGqOEqlOY,심찬규,629,212,178,0,0,1,0
78,GRANDMASTER,ZE_03fLmxVIzehNLsowVm7Bgfcn5VvmnRTZ_3oVg2TUZnWQ,우습나2,654,438,383,0,0,1,0
79,GRANDMASTER,YLHkv1zVDxtJMT8JzUd2Cz-CZRQWz9TaFuao2EzSvEVUarQpAz4RWv4yGA,iflve,558,140,113,0,0,0,0
80,GRANDMASTER,acViKAhxJoMuH-35dIRMs3k3IpWPcCcdjzOON1W0NB6bPko,카페인필요해요,629,188,144,0,0,1,1
81,GRANDMASTER,2S98p2dhsPopGE3hixmWHNjhp709xq6MXy5ogA6H-1NbXJY,인생목표한남더힐,821,262,224,0,0,1,0
82,GRANDMASTER,DnD0MAlo0moN0iRZrAC8eoJCFBbFX4Jcxh2hZrEaP_Ams8QM,훌륭한아들,800,158,106,0,0,0,0
83,GRANDMASTER,HsfdzDbD5uPm2StNhN_b4yoXCNki-NZn2FSWqoZMhnAoQbA,카없시,679,330,237,0,0,0,0
84,GRANDMASTER,tLUJvaJrbNxoKVCtG4CxNAl0m38p8vYmz0I3Ept92CMpbw,물망초요,616,148,119,0,0,1,1
85,GRANDMASTER,nx7vA1Kl4Q8l2JIbzDlTS6bqHi4aR77WLZjYDu-npGk_GgIkJ-uw--7chg,babymeng,724,187,149,0,0,1,0
86,GRANDMASTER,uPaSOs-o8T1a5o2kbHVGt4-J_N4PnWJPknXsHGilvnu7dgI,나라카일,635,300,268,0,0,1,0
87,GRANDMASTER,32NWC7Etv01uBZHzTcpGSv4Pa7fwCTZhB-QlTfYA_wj6xCk,change in myself,642,94,28,0,0,1,1
88,GRANDMASTER,Fewx5SUEOlLZucoUTrPB0lgO3Kq1LodClSaJcTimP6UI-sw-usvZ4Bbr8Q,Gen G Namgung,904,211,172,0,0,0,1
89,GRANDMASTER,8T93gZctQwsMmC4GqUFZDyj6AmJpNd0W5Vtn7hwg2-pyvK0,Fatty,843,183,137,0,0,1,0
90,GRANDMASTER,5fl0kLXAvwwaPNsx_wSJ1ywPujtizVnLYnFg_MIH3TJ8AVo,shungjinsoo,633,424,385,0,0,1,1
91,GRANDMASTER,k0VY846_vRoXcrDjWuPjFagmBqivpmZJ52yz034hpYqheKI,호시노 미닛,624,221,203,0,0,0,0
92,GRANDMASTER,_P1oT1JgqmvGD1DLROaOD6DEUlTtfVkhEghL4ykibBASEKs,학교 앞 놀이터,908,441,408,0,0,1,0
93,GRANDMASTER,Q48KtD38fltJv6wU4KIqy5h0X4kLUJpwTvZqbsJhdD3yHJMS2mb9LrqjRA,살퀸레,1034,623,577,1,0,0,1
94,GRANDMASTER,MX36q9Foz20fgI1a6ho8mIslMEcGnDuU5qm_ry7m4BqOFFUK_ZjwQDi91g,Chemical Cookie,543,509,480,0,0,1,0
95,GRANDMASTER,YffKC2SAJ8J0Dq6mdXgYqzCP-9cvHC1EbeXwmqPCTG8OtFDqrhpm9-izfw,wx Fiona,750,252,198,0,0,1,0
96,GRANDMASTER,jSe9iBssd1epVvbsm0jtCclixlUcd9nNjAx3P7q-GHIDtNU,thyn,821,150,117,0,0,0,0
97,GRANDMASTER,AbhQhCEnUHIFClNRWDBbmqIGtF0tp8JDQUhZYCEASReZ6u4,SDG Mitsuki,576,291,267,1,0,0,0
98,GRANDMASTER,cp0wxEsyIOw1t7GLi4cID0lmpgJvnq8QmTHCA2hMf0tG39TYxXd8jgCfew,개서누,615,286,252,0,0,1,1
99,GRANDMASTER,6XMHKy4eOrH2mlSX79x7iOglqiPZs0NuHqziY-8QK6Le3g,Yoon SeokJun,675,395,363,0,0,1,0
100,GRANDMASTER,mvT_8YBh9nEPfEIHCVAdwzumxNBAT1F3k0HdLzUBR40rZOC_GA1PLTfYeQ,홍상현 암살부대,673,100,71,0,0,0,0
101,GRANDMASTER,983oQ8HAWtU1Q72_eWafS-PutXrped-HOpY4i-B69Vi8zcR5fNC97CPqcQ,Bai lan xiao zi,896,559,506,1,0,0,1
102,GRANDMASTER,U9CH8rxpYz64f4f5mdmRJZX4KGliAEEuY0xn7qxgwwJJJg,만족한시즌이되길,814,255,217,0,0,1,0
103,GRANDMASTER,l0mb_ki8nDQTrv93FoowmEvFt5ZBan-emo2TDGuCycbiRw,중앙대짐승원딜러,566,190,128,0,0,1,0
104,GRANDMASTER,NqMZkXetmxIB5t9Tr8G51bscJTFGmeYk2FkUl2KF0CdPp-0,GoYounha fan,508,284,231,0,0,1,0
105,GRANDMASTER,Phe6UOx8iuYgU_x6aHBwRc5dPrp_4CJQ4RmQp6SlmzKiSG8,1000원짜리변호사,759,197,170,0,0,1,1
106,GRANDMASTER,cWNTtuP1TtLnQRsVXbUJq2N_so-rYy-3XE0am5spWzfbPZPP3MoGCFmZDw,성진우 fan,723,254,222,0,0,0,0
107,GRANDMASTER,EAPyBoTi-rssSy3r5MGwujCWcpV-aKS53k-Qly7VRZHQyNg,깜찍이4,585,251,235,0,0,0,0
108,GRANDMASTER,O5K61v6aShDUj5Oozbg9uwbNCeJXwdYSWzTsrhYTcXnt6qU,FA NaKyung,897,175,138,0,0,1,0
109,GRANDMASTER,9tWY7fA3iecezVR10EtE5yDnI_WfgiQU4MTMSV5gpR-uC6mu,Gamin,686,345,320,1,0,0,0
110,GRANDMASTER,VxpBzcnZbL-NUGo6Xzv7Wt-PbLGlw7rmLlEHbUdK_negnBs,1처형 900골드,614,214,189,0,0,1,1
111,GRANDMASTER,uSfsFAvs5apqeSQlN7VK0cItyJjLq0h98cQJLI14mD2o1AM,표표성재,647,130,101,0,0,1,1
112,GRANDMASTER,-ptp3XL0Jbzuky8EtK7o745BGJi_Nbx7BSQSHG0lS5X6nQs,GIGA BONER,723,358,318,0,0,1,1
113,GRANDMASTER,gP8L2FT_UTKaH4xR8RaPQlI9-Sb2AEajbc5EK0PUHrdCiJc,좋은하루좋은아침,857,363,335,0,0,1,0
114,GRANDMASTER,YOeEW-3JHlgNB-DIGfnLbtinwJCdvW9RkD9smxVa_QKB2aIOvuBInCtpCg,Reply 2 This,762,526,491,0,0,0,1
115,GRANDMASTER,1e_YMCHrsBYWmJ4zyyb42XynwpmZnwNUxwUOnpfH3hgxipS31SfR5Lxgfg,마음이 피곤하다,870,348,314,0,0,1,0
116,GRANDMASTER,gM2rVAGUQRUgwhT2msEw1_d4hp1nzBzp30DnI69W3qKjPA,No longer love,684,334,306,0,0,1,0
117,GRANDMASTER,FdCZH8cyw4BxBWx48WYT_NnxfUSC6mSBF6tG8fynn3xoeTGRClqxhp9p1Q,Babyy1,701,103,58,0,0,0,0
118,GRANDMASTER,yU6yMR8c9RURxqiTO8LjA1xZ_R-Zj_8byCa0SyL4p5PnEDM,규 보 리,839,176,141,0,0,0,0
119,GRANDMASTER,N5m-6UobSZH71FJ8lFd_QSmTe-qBjXhiWhGkduJoxNCpQODxouDDGD07sQ,BRO DDoiV,722,906,877,1,0,0,1
120,GRANDMASTER,2m-w-t3yt4k01gtMB_fm-wYVqXDPDMdTPVXSu7QtoBfRElY,박슬온,673,230,198,1,0,0,0
121,GRANDMASTER,nBCAqL3ey55mOHwLFYDFkqVAdGojOjVTH2aXaj-RkymA_sYtyhR2_etPcg,realman1v1solo,862,225,166,0,0,0,0
122,GRANDMASTER,CP1KTb20ZMiIB-Oo4D7qQgl7TsxAeR3y_qdqhvSTKQDbiRjtBPtHIoxnVQ,지응성,720,285,250,0,0,0,0
123,GRANDMASTER,kqiPx6D6GqO2N5-mJqzDSp9dsKJuoRzJ7lLkv9MdCK5_-z4,오태경,832,186,150,0,0,0,1
124,GRANDMASTER,pkAgqIH0EDmp3YpmTKIH-ZDNPZOitj8RNZM13Bp8NnazNg,침착한 대처,746,550,519,1,0,0,0
125,GRANDMASTER,5KhV-MJ95v0cZD9A1sTk8AOrIwdEBcWWa87yvTuCAEYps7c,최유진 멍청이,760,100,66,0,0,0,1
126,GRANDMASTER,c4esOKl9zxugIW65fqrWXzspmjP5xM2Q0stTsGc310tcRaWAu3QmtJnlIA,88888888885,900,269,228,0,0,1,0
127,GRANDMASTER,Bfs_7kXPSoNqr9bR6BaO422RHR7E-_2A0Jm9QEfhZ_UmL8s,X1ng,644,242,221,1,0,0,0
128,GRANDMASTER,3yTXHByUklQ9UNytb9xHIotRMbhPsnWhC1T4J1pnL1hh4XveZGHsxFuCnw,rengking,762,152,120,0,0,0,0
129,GRANDMASTER,HkdG06Y3eB5LZYAou9ZBZcXIXO7gux5mMChPuEZ0OM5kP8Y,우니가왜우니,883,281,240,0,0,0,0
130,GRANDMASTER,1a45CJwdsoUgzn3DPh6oyw_WZGwMnJ650cSN5cH--m_nDQ,명치에팔콘펀치꽂는이도윤,744,284,260,0,0,0,0
131,GRANDMASTER,vgf49yLei82WoKYguTKnINTrlls4A0E3jjNeNnHfN3048wc,승 핵,825,157,117,0,0,0,0
132,GRANDMASTER,Tb0babpr-8N_8280OfMVv9cn2uNxYKr_kvUEI3f79zNhf3Y,anirat,662,318,277,1,0,0,0
133,GRANDMASTER,cFDXjDp5qqJcr7eEO23lsIf4TEJzr3JBCUBs8EaEamNB29BFON9yF1x-3Q,yiyibaby,655,254,191,0,0,1,0
134,GRANDMASTER,zjwYxNapGcOdETtAc8igqcs-s7YMSiYjLEroIu0yeBbehJ5PrkaAPP2fTA,뚱 뱝,768,115,85,0,0,0,0
135,GRANDMASTER,aCgnhx-As8dzcRwAZDSx1XFTLnbAGS7hnbzjFi0G0Tz_a_g,아메르 페이퍼,617,208,176,0,0,0,0
136,GRANDMASTER,Ue5GBNsHJucgTmxGTApmrQioafbs-6O_dTy048oy8-QZRdGsmoZC9sFJvA,RRRRAAAA,612,152,128,0,0,1,1
137,GRANDMASTER,NAl0qxiRX6Ngi1k1cnHAmVK1h_6jKtabwhZSeraWw9naGTZJPdiCeMlmhA,Greeeeed,702,84,41,0,0,0,0
138,GRANDMASTER,qjm7jJyGACXOpMBrgifW1Lo0dMfy4Q5A0gcB5dgWTad3URc,문영화,749,261,222,0,0,0,0
139,GRANDMASTER,IIN2jAY1Mw1VU8RKuXgO2pf0snLAA390FDkAsMYFJWaWKCi0trwo6xyq8A,djwioqdjaslkd,723,211,178,0,0,1,0
140,GRANDMASTER,1QRiz23085ytdd5KV6-NNqxShwrPltkBPouFx4tLzrAf-cyGwMfU3n1bbg,asgfsdgbdfv,610,285,240,1,0,0,0
141,GRANDMASTER,XfGTNsiaX0mh6jce0PVd1ZF2BQLsTl-0tle5c3Kfw0l6prc,kismets,719,304,284,0,0,1,0
142,GRANDMASTER,qrE2ASdild10Xt5gyQQDIk88qujCDRf0FGhh1xeMAfwi0ByYg5yevdkpDA,유령 건,654,220,187,0,0,0,0
143,GRANDMASTER,IRiyklWkXCX4Qjbo1m-ZL9O055KtGpNqkX9BtpX8Yzm7qww,Zereal,661,253,226,0,0,0,0
144,GRANDMASTER,SxX10J6-cT4oc_ZLEzqj-DbRM0UciL48vld_VavhamGq3J1zinzbwlQyZw,메가커피미꾸라지,666,503,465,0,0,0,1
145,GRANDMASTER,RSq4VW5JUxlzx19NCamav6pvboawYsMe59ehLE6AlRjoAw,beiguoxia,708,282,239,0,0,0,0
146,GRANDMASTER,bLUbGrEWOSqmLpn3uDAvjfXXteaY11_yVRV06azYeK-qG86_LDWrWlQi_g,dhyuck1,627,241,224,0,0,1,1
147,GRANDMASTER,6dHTLrKYU0CTLc35DZ0ZneejCsb_57GZuDQbPh5BGNP-JqQ,꺾인 마음,704,176,140,0,0,0,1
148,GRANDMASTER,vba7S-szjsKuCmeyzGwh7U2cxmf1BUCV222hi0eHrmaU053Gkh2rGCj_iQ,238000,804,353,320,1,0,0,0
149,GRANDMASTER,Ww7attZS2GDHDgPK-48w7o__6992W7LeVIrI8vG0_tvi8rYcW3mDN0jvfw,제주도산 숟가락,700,465,435,0,0,1,0
150,GRANDMASTER,KNB9Hs2iHiHrQrX6AuJjSMTlEoH-RHxKIddHWKs8fXbbLmo,하준상,836,191,157,0,0,0,1
151,GRANDMASTER,ot8ZX4jFNjGKBSYlJxcFDVhQm1aUfJgiI583C4maRFXQB34,asdpoas,681,242,217,1,0,0,0
152,GRANDMASTER,QnHocMrxroH1qidRVOEvKbF-ABFkN5lfLghzNcejcmaIDA,몽키 D 짱구,664,266,231,0,0,1,1
153,GRANDMASTER,A32_S9XjGsjD1CZs-0aTECmKUSO1ltvBlp4HeH2q7USuJYg,렐복치,687,228,197,0,0,0,0
154,GRANDMASTER,AIu0E2yuh1wjFcwub048NYqC8heqd6-xGdQ9yRen-LOhU48,격기3반쥬지태,844,340,293,0,0,0,0
155,GRANDMASTER,PAPENuuBXLtBlpMKFqV6FkDlytwXC-dLFQQZsjkGoT-KX78,나이스 지렸다,773,351,316,0,0,0,0
156,GRANDMASTER,fsCmRcS2I4kXD9OmPO23iUZ-lHBGBzazZLm7XV2-IQuEb7s,LunaLina,644,621,587,0,0,1,1
157,GRANDMASTER,EfQRuGUf4C9p1onFlBawwkrLnHDYRNiCw1vBEHz6tzeyXw,라 코,756,264,233,0,0,0,0
158,GRANDMASTER,V0Fzq6P_VVNoIHYLxLb5IAwH9O5s5JzhHXuyXDfr1FeKb6Zn9hmjgj40Lw,띰띰한 세상,868,540,495,1,0,1,0
159,GRANDMASTER,C6O7wVU6p28wEYyHQ411Nw_kKsOHx3YnKN0LkmrYljxI9Ow,ToongE,616,423,402,0,0,1,0
160,GRANDMASTER,msXM_KJmp4GphzWOe8AJzV9NQXlSRWpgAxSOpD_XXmnRMH8,잘떠먹여주세요,716,312,274,0,0,0,0
161,GRANDMASTER,VhXWTIV9OwfFGDlVCzmJGbkGjyeBioSv2qONy_kzFneC3SpfLI007ITX7w,유눠니,596,183,152,0,0,1,0
162,GRANDMASTER,q-ihP0JxDJkx5VqOoke1tAnxx4OHTsLGvhTrzN_uAbmAiA,00 OP2,627,244,217,0,0,0,0
163,GRANDMASTER,rzJPHspaKlc8Eoqa0tDdMUooR29A0YjuMRBMX8xzZV-eU6Y,배설자 유롱,684,384,338,0,0,1,0
164,GRANDMASTER,ECn9OIqROdtN3QjXn1Z9vXghoTTGmH-XJ5GgOULEUAnJwRAh,날건들면알지,706,292,266,1,0,0,0
165,GRANDMASTER,RU7bDUW_ScKNMeLNgHaOUqvxUebxLM-LLrJJjw9o6Bw0Zks,Either,731,380,344,0,0,0,0
166,GRANDMASTER,70wUPml2nIq68vgqzjwSBbNQEMJk-0IaTbOOMNeCEabzItXaAD2hkS3NaQ,kygoo,834,273,230,0,0,0,0
167,GRANDMASTER,rXMvpz_8Qn5nQWuA7KV-6viEekMBW1CvVidTU31MnbBBCwoVrRIlX-2DFw,haishangshenghuo,747,269,243,0,0,0,1
168,GRANDMASTER,FCkXHjfKfCgrsvxtffZwMmr_8dyX5cHiHahSvs1S6TVLbFFL9KNVkeyo6g,DuDu111,826,288,244,0,0,0,0
169,GRANDMASTER,s34stO9mx6Cqc-ZKnEN3YrhuvrWpvhsUfalgBI38bcUrgDEf,bot man,648,320,301,0,0,1,0
170,GRANDMASTER,mRRDKWmOXhiPLld5xSLtc9XQPscPDIul3MdXI8bmJiiQQBo,ucal,884,204,174,0,0,1,0
171,GRANDMASTER,b05TAo3HtKRdrBrHKng75-YNY5584KxZOxysZ4CLCaZ0EbE,benetia,622,301,262,0,0,1,0
172,GRANDMASTER,gZHs5WTsYZUmMAUIVoUBl0fyHkk_sv2BpWFISlJKcgOgW1JvOddWOUummQ,Yursan20010522,622,246,232,0,0,1,0
173,GRANDMASTER,PmeJDp1ownCgDSbvsqaz2H1SOjn9c1pQwUQcdsd8psT1q00,daaerok,614,93,60,0,0,1,0
174,GRANDMASTER,uTd1SVZC9ZldOOJiORJwbocYQc3nOsnbUqtB3tG5tFFaNjY,Sanri,706,323,296,0,0,0,1
175,GRANDMASTER,TKvB9MU8bhiOtjbBXjKOu3vzeCXuV4JGfKVmH3OZ9nV0Z6brPAibhJiZbg,ranranbaby,775,318,266,0,0,0,0
176,GRANDMASTER,wfh28r1uKX_PZZ4wKK3TTe-8q3eHOTtqvylO1IzQ4glKawUbIEkD-rJHSg,포소포소,858,220,178,0,0,0,0
177,GRANDMASTER,VUQGjPn2JYxODrrwpaTuOirD453JhiRFuUX2AT4aMxODGg,콕구몽,623,403,375,0,0,0,0
178,GRANDMASTER,T3IdWaR9N-Bn3wL_HGu2rXjmYOQooN_ZEZuPwmVavbSaDQg,준밧드쳐패는놈,809,723,682,0,0,1,0
179,GRANDMASTER,JKhe-AcLX3KnUkektlF0-B8I0dyhOQibwtO-iYvWcMil3pY,원딜 왕자 김준수,566,554,499,0,0,1,0
180,GRANDMASTER,GwHtvDHj4mYxOGVjwMK9ZlJdrL1mKC57cnxGzphTjkzdN1U,ToIanD,758,680,637,1,0,0,0
181,GRANDMASTER,CTITvmugwZRrFsXPeyMeki85QNwUaKwBR_Y7M1d1aRDHhSs,십자말풀이,805,413,382,0,0,0,1
182,GRANDMASTER,pkDsqgTDWEmyuL_-L99WmEqX5rNenzUXbqLXnsNyRweS5HugERpetsBK9Q,daoxinwengu1,876,369,335,0,0,1,0
183,GRANDMASTER,Ja0UYlm_-DpIZEIjc-u-ZHVV0FJD1SSJ73HeEaJaAPq1hFU,markus t,611,146,106,1,0,0,0
184,GRANDMASTER,pK1nYNyG94ntSCiDjlTHRCWaR8WvaB5UM48LlykXJDSyxCs,얌얌얌냠냠얌얌얌,651,186,156,0,0,0,0
185,GRANDMASTER,4J7n4PEfp5gUNdJI1jNUb9wxXrUcY2DRkfewJ98LrIjjivs,qwervzcx,676,372,345,0,0,0,0
186,GRANDMASTER,47MIDOs-UmigbSDKd-1XxoTx4DvnBqmcZ1ADs6AnF9szrInP9jAbvjf65g,좋은 내일을 원합,654,297,244,0,0,1,0
187,GRANDMASTER,YQpLtES-3sFMBWf_0Jcx2IdKxFojGRhnz-bJ7SfjSqSyfpEJMu9heqRoaw,raqo jg acc,697,151,121,0,0,0,0
188,GRANDMASTER,y4qeeAkE_RKYZCYftab2QfuYifwpBb0YR5FR-iwNwUy41ec,나그거한입만주라,719,337,271,0,0,0,0
189,GRANDMASTER,Vomm2dmgSUCTLUI5m4gFzYKTxd9wpOZ6D0L16Q20A77jCaU,Sry Sup Gap ToT,650,146,115,0,0,1,0
190,GRANDMASTER,T0T296ZmddtCb8Y9_YVbHLm-e2vI5ZUEJuf3pLRxqOLGJE0cy1hGYDeKmA,도 스 드,620,107,72,0,0,1,0
191,GRANDMASTER,UP7xrWVsOihdKzUK4HxQ9iT1g1QJ3VXy-CTjUYrFsP2FPGbL2b-z2WCT-A,takumi1,639,345,285,0,0,0,0
192,GRANDMASTER,PFFXatDYV0mZTP08AJU-imoSCdUUPL85jDVpuZ-YaH7OuZc,ENTJ 카시,790,119,85,0,0,0,0
193,GRANDMASTER,5RVZnro-FZaTTSjvEePUZws0_bnm68W6g_UfWAgUslxrgCOg,To Sky,630,215,179,0,0,1,1
194,GRANDMASTER,Vci75md89V5qJYvrTxytsBUgKlH7bvKLZ_jOVqAgdUc2V2I,전상득,852,972,932,0,0,1,0
195,GRANDMASTER,GlXozUmYVMdIWMWhvq2Vzf4-y7mbNexpoR0hyDfGWIGtD3CdxyYhndvVTw,U1tramanT1ga,612,380,335,0,0,1,1
196,GRANDMASTER,auZw9VFhaVi2OsH1U8yhbuwwlcTD11DkgWLtVOeTKUMxywPJ0hECEd4x4Q,손주녁,955,229,191,1,0,0,1
197,GRANDMASTER,-5gh8LtH3pnGc7Z3rRVfCV57eVyaUFQ6fDRp3nGAh-KX8rBGCKOFfvNI_Q,Blaber,610,131,105,0,0,1,0
198,GRANDMASTER,ltc2RGNG-n_m5rx6JXQSjLRpRHwexxtoh7hsSIc63puxAsw,DRX Rascal,698,317,292,0,0,0,0
199,GRANDMASTER,ouuAkuVjrJFWDspRJevjd-agMyhzOCh_pCQ8O51EUSKbwBIimh6IjVIHNA,wxzsr,797,191,149,0,0,1,0
200,GRANDMASTER,ZfcksJwMCGa8ANjjR-JoxkaorXweeLT0yDukX8YDRTPCQnk,kiin,986,150,112,1,0,0,0
201,GRANDMASTER,xjnb5WcM2rYzq0g0F8E5rYu0p4yhL8A2YOJ_HJbla3BvvvNqSNfqSUsbVQ,langmanbusi,754,442,410,1,0,0,0
202,GRANDMASTER,5Mt0Q88Bwr0U3PRgFrWritzdqvguHAs6XpNbQIa4h2YYnn6LtR-8n7d-1w,NS Mihile1,709,169,126,0,0,1,0
203,GRANDMASTER,fKoT4PHXnf4fNFIaRP0sEIor40v0VL0EeHeKjKrvgg540yxlSLCKsTm3PA,CityGirlSyndrome,793,286,255,0,0,1,0
204,GRANDMASTER,spN1ehMzlnFsB4j06HEVaGSiHD5qohPrr0KI1jYf6F4VmSQ,윌럼프,714,620,565,0,0,1,1
205,GRANDMASTER,4V-PVCYaFsuX-wMwM82W3xGjXy_Lb5j4ASir1DXTLVfJXKlc1fKJKe7zIQ,prime kaka,786,132,89,0,0,0,0
206,GRANDMASTER,mo4u4OOnq_EFBH-s96leNyVCyRiLR6svdKANV2wN2BL1LaQ,racerr,913,783,696,1,0,0,0
207,GRANDMASTER,IG17tYx9JRBxKphWXmN6yBoSJswZ10cry_Xr7npssH7wLt4,파워업키트,578,602,578,0,0,1,0
208,GRANDMASTER,o3LENxrh9g4Hn2_-sqWOtBck2g0gOOAnA5WBgzGPUKyI1SY,new number,837,215,159,0,0,0,0
209,GRANDMASTER,lkDhsBNHiRAt-YYpdm6n5Dv_pODmtxYaFjTXwNMGANKX5QU,HLE Lure,714,256,227,0,0,0,0
210,GRANDMASTER,fC7Olrv_zbk_oj4HC2Yc4FE79wopxmc88RF1mM0DjstcdO4,woowacompany,727,420,372,1,0,0,0
211,GRANDMASTER,G9SA2yPv1BNMw4mg9E_3p5SHv47w_Oa80nzDt4kT8SV5wmc,limit,772,163,133,1,0,0,0
212,GRANDMASTER,tFREQLW5WHpGGGjJdbUns85Pj0yHe2eTA-IrVwCsOaxHokY,강하다 별,848,428,392,0,0,0,0
213,GRANDMASTER,_pR7zr-gP1Tdgah44MxyYvZANguzBPxs46v5qRFf2mDR50mURsWs7dr0HQ,8년산 치즈,896,312,238,0,0,0,0
214,GRANDMASTER,EFOfloSgUs2mkl2G_4uyj3Tkx7R4Ae2XlaCB2v30FlIgXkU,메론뀰맛있어,620,460,415,0,0,1,1
215,GRANDMASTER,D7CdnCquUHKtctVGiUzXTyAa2rxvDoUYCob58pjHxm18-vU,내가 아쉬웠다,667,230,196,0,0,1,1
216,GRANDMASTER,X1pzHByBGtmC-Zl8znCGQhw-lVg_aOxEQDPjGL2rmGn1O1E,매 루,844,309,273,0,0,1,0
217,GRANDMASTER,PTqRSJKlLj6S-FYUe98r_XhyQ_OsG5DZkRW4gQaZCnroPJ0,강타자다,748,164,127,0,0,0,0
218,GRANDMASTER,qPoa0kxfeVfqMC2TWDcZ41IGnAs4_70OKPNHdIgW5CDK-RDqEOU9jr-Rew,웃음과농담,810,606,559,0,0,0,0
219,GRANDMASTER,vZAYKROjS12Jn3bB-oEgLM_hrz0bQsRavyLGYPiLEqQNMw,VARUSKlNG,615,167,130,0,0,1,1
220,GRANDMASTER,CFN1K9e9j5V9TAA4RpkELLgAXEcn9OA8KnmdhKafIqI2_v9AKKOry2MeGw,apex1v1solo,715,176,150,0,0,0,0
221,GRANDMASTER,Zqw-btH1ypygOPNeFaltnG9yBMqn7TVccTCdWVDHYortsihT5dy24OZwoQ,Erilia,866,97,64,0,0,1,0
222,GRANDMASTER,lyfTi5vvBAeHpcWd6HHc5I2l-fVI3C1PvhtPNLlzIuFC8gY,axibakeisaga,708,239,230,1,0,0,0
223,GRANDMASTER,6KRoYCuH8nKRk2gd-EMJ3efKsjiyxvw6RI4n16M5fLX_xvQB,제비다리고쳐주기,615,274,247,0,0,0,0
224,GRANDMASTER,d3L-f8DlNxQlc_G0BJm8jLSF0fvmrhqgV9HDD-CUB929oQ,갈과 배 음료,670,302,282,1,0,0,1
225,GRANDMASTER,4-kehHgIL_hZHXwnxJjnS9cULiVoWne5sF0yJgH8P9rtsBqq4M4uvAmoKQ,Hagemanto,721,503,439,1,0,0,1
226,GRANDMASTER,GYiIQFOeKX5TjYZxMA3Z13WrTrveu6VdrJS7yIT2gI-eEA9JHUvyGIWwhA,xiaoyangzi9,666,280,230,0,0,1,0
227,GRANDMASTER,O8HP8T7J0RQuQLmhpPqfnksGefOrQ97AhqwWYqys-wB1GqQ,뭐너가어쩔건데,813,202,166,0,0,0,0
228,GRANDMASTER,kTsC6Vw2aztMzJtlgfAoovUNorA2SA9_CPxJ8yPBplUfoFUjkG31Ozj4zw,lIlIlIlIllIIIlI,763,204,178,0,0,0,0
229,GRANDMASTER,5in2ptkweGmd9EY8MkAexXdh_0Ov3OatPLwW8bv-4GwfPbI,트위치이성진1234,626,193,167,0,0,0,0
230,GRANDMASTER,dYQ38XB9b0A2UBIeDKyZoPK62XKMK9Lyw1x4KUGIHOQt1K5YjXpxmN-OhQ,단국 대표 미드,770,252,220,0,0,1,0
231,GRANDMASTER,993XDaC99F2XYlwhXiNeQ0Uhasf0oods2JH04wayrmcTQe9VYl14mVqNTQ,Xanthippe1,696,501,467,0,0,1,0
232,GRANDMASTER,-sl4oa0g3scbwSEkN7LtD1dvkoGIuYlk-h4-j_icr61YFmTwTR8TM1vnQg,kiritoasuua,660,573,546,0,0,1,0
233,GRANDMASTER,sqIfITYDIqDQW4wZg8Smezk5PycObcpY8d_rmx1vCmpQ3Q,메가 토로,615,218,166,0,0,1,0
234,GRANDMASTER,r8KWpqudVzaUwgiyeyoRfpsTxp7DV5oXoY1MN2iBx5HpXCk,우 근,710,97,67,0,0,0,0
235,GRANDMASTER,sVK4iR4WtPo65I5s87ytpHBz-kHxEdkFxBb3eBCgJpCsMJyT6WKE70ntBQ,ye shan,742,199,160,0,0,0,0
236,GRANDMASTER,mcZkb5_Pcfv0BMAQuMd-W8DuJYN5YEoMWOazlG3-UnWJwiHpVg6dABv7dg,디에고페브리즈,877,211,138,0,0,1,0
237,GRANDMASTER,Jc2JtOen5QylHNwpVewJ6x_WV6hFbz57DE5aLtNejuQYrfg,창원맘,629,166,137,0,0,1,0
238,GRANDMASTER,iOTSuOR2Q7CPkrtK49wZhAkjBTqYqo8BTaUmL0EdYNWnyiaeSwNQYX29QQ,berberking,799,324,292,0,0,0,1
239,GRANDMASTER,WHxcZclH_uBgc4Av4D51TqGUwC3G1GzxiXahcMdndgUlxxVBC5BowvFl9g,NEKOA,631,147,89,0,0,0,0
240,GRANDMASTER,S_eJkeYg8jTVFftqfgljKC2a3qBhyt5Z3Vw3tq7okIT28Ck,잭과콩나무진,690,201,171,0,0,1,0
241,GRANDMASTER,9XN1cYzre5hjoT_YYqVSlQKzXmJKFMl4bd30z3qZtSMZyaF5-hadsf-_Uw,Nedios,669,285,252,0,0,1,0
242,GRANDMASTER,Osft0YWT5N59F_puM4jR9mOC_-29gIxcROj4AUVwY4nc2QSFAkMMojC0lw,IAKIL,625,435,410,0,0,0,0
243,GRANDMASTER,8NwkPPQjaa4JqZuoYX7GWXNwjnLmSuw9aXBvb5MJmZhCl209pRm3G1vnlA,요괴 모험,632,328,302,0,0,0,0
244,GRANDMASTER,oINR-6kKdoCt2TAagtC6b-figLONCFlBBtzw3EHuHQMSC9CHwFe3hqPskw,RIvennnnnn,532,469,425,0,0,1,1
245,GRANDMASTER,GOSb7YB5-o472zw651z66DaXEkw9HSPzdMCaXCzF1dN4KURhfWEHGsaZ6Q,futur uncertain,801,182,125,0,0,0,0
246,GRANDMASTER,hRFct89to697aaXQZ2kddXef4NmNlNWdShKgsUlwEI92Ryg,계인직,871,148,96,0,0,0,1
247,GRANDMASTER,3K0LK0nVvWvI7qG1kixgdV6lU0N069k-cHI5UiC985qUkYF_V3gXELKxhA,RoarTHEBEAST,800,359,283,0,0,0,0
248,GRANDMASTER,DDX-h9-wZYTRrHGsUcWD5N-BrV-wKHHhqR_r1Z6UW_VIG0LMf3C7HoFmyA,일산전영찬,628,293,263,1,0,0,0
249,GRANDMASTER,Plds1k4ML6XVaoHrAP2cKvgqDuJz8NQ_BniYSOVS1w1iAb24JYJ6xmx8tA,Carius,771,241,207,0,0,1,0
250,GRANDMASTER,rg3FJTiot92VQbZduHlzU8xvy24YnOj5D7YBm1ovlrLMppU,Kingen,863,184,149,1,0,0,0
251,GRANDMASTER,dne5-kKNz-vdDw5FypHS6ZnXOoH1Bt11AHH_JN10Y8zwgtzS4TpWb6e4Ag,Iove poppy,678,429,399,0,0,1,0
252,GRANDMASTER,0mEZji0kMOHE42Z_8V-xmmC56jAmBuH6-PIZR-a0qIot-vs,사람 안 믿어,614,261,232,0,0,0,0
253,GRANDMASTER,6b1rA14x9QqYHtrEq4SiNC-nzXyaAH4HuV__EfTNF0A5NtKNd25U7lzm_w,mmhgr,792,406,372,0,0,1,0
254,GRANDMASTER,cG80JUlTGueMSNhIui4Wjs9cKmWt2yqCPwO-vtwKswsTBq8,주 목,944,122,84,0,0,0,1
255,GRANDMASTER,AspweYLmkaaER2PEc4C7qNTyrlHuu-tMmU3Dke_nGzJxSO0,DRX B2ryL,969,162,117,0,0,1,0
256,GRANDMASTER,9-3bvIbTRXeI-fWYyX95IfA2nF3eY6WXmFvDlwMObPDg1gc,상식적으로,852,196,165,0,0,1,0
257,GRANDMASTER,R3woTaKJy5N329iOiTrwWS28cy1pWXHm0mxzb2qL0neuPw,우리이판진거같아,646,261,231,0,0,0,0
258,GRANDMASTER,Nq91Wlggmt09SL8Xsd85s32l6pipzsbnXx8OgR2VvO3aJmVlhBIqk_QLrQ,본 듀,734,234,210,0,0,0,0
259,GRANDMASTER,hLDq3jbJ0IAaVxTUMhLs0MZuSCq6fPXIAv_tBTan9vW4Kak2437jyRsGTg,yiyezhiqiu,663,211,145,0,0,0,0
260,GRANDMASTER,8jIGhg_sF1Y9cM1JVx_gikOotg-_HIrmx0IzJ8gcgZJVffU,shiebuyaotian,616,162,129,0,0,1,1
261,GRANDMASTER,Bza1ftkOfBkqNj2x28mf9JeKszCx7dlK9IXLUZUd27OVksk,렁 래,669,80,50,0,0,0,1
262,GRANDMASTER,YvC9IOlSHYXyJwELjbAmSScYd_Uk1x2CBrTInZM3hy1zs_ZBbmKjHsdXdA,Ninefog,799,540,516,0,0,1,0
263,GRANDMASTER,0o3xf_tHRYcw1MfTSBfbWgUs89tZr1kkBdGxUCV3tTVLl0w,Zeri05,626,163,126,0,0,1,0
264,GRANDMASTER,i8-LHkP_Eau0RJLVvuPWbKePO2NEoGg2pD7-QU7wQRH2Ge0,Mr1mportant,776,237,200,0,0,0,0
265,GRANDMASTER,t53nhN_WvDrN6DjhrQhZ2zwnILmDHXloJD40WM5ixOXRdHFCUt7fnbMpUg,현이냠냠,786,92,49,0,0,1,0
266,GRANDMASTER,LhJps5wVdLkSqIjsqKExxEG5IysB5SU4kr0TFpsVkWkR9yM,dfdsfgdsfsdga,704,594,555,1,0,0,0
267,GRANDMASTER,m6HOizNzlINJOY0unzUGLEFJLkgTGfXgsWizF9pj-JYx9FjeYV-E17-ZPQ,Wheeein,660,355,326,0,0,1,1
268,GRANDMASTER,rGGfLY-pwK9iygzNM-gmP4ShX5k8buXi0VQi5jPK8m7246m-hU7bScLufg,JUG Swamp,892,239,193,0,0,1,0
269,GRANDMASTER,5g4wzjIzVGh3X0qhDQv8Hu_SJ6FvuJrFWVTcIidNGn42isE,baby kltty,766,310,282,1,0,0,0
270,GRANDMASTER,GMe3L7YRLGHhPvIssLRGQRLB0o7NwUQX-qU-HOcMhxfOteg,클레드만하는사람,638,359,336,0,0,1,0
271,GRANDMASTER,vUbaWe3VzxBsXgytrc_eyOYiueqdNLQCH-LUaQqbDEBmsA,DEULDEUL,620,149,123,0,0,0,0
272,GRANDMASTER,mv3jOKIh2O-EBjX7caocTRJ1KiLd6cuIhj5H6MyoC-TdJ9ypqedV7ftvGg,RainLove,614,491,454,0,0,1,1
273,GRANDMASTER,-9lEf60-DMYA1hPcyitXXwYXwQa1F49nV7sXcVHCoUJH1Dhh5KFc5CKbUA,jusaka,564,255,233,0,0,1,0
274,GRANDMASTER,0xjG-d7QmGrv3mYZNTARa6qCBMuFEQpdA0GLoFI262gk8zg,cs라도잘먹자,795,274,245,0,0,0,0
275,GRANDMASTER,RP_kbY6XR9ZO_AEuOCvGSi4ucJVzY7g3mvbdF6eZ-CIJe8E,파워에이드선도자,628,156,121,1,0,0,0
276,GRANDMASTER,3-try3VnSRno07H4NQ1PKjKdKwUBmutEVPJha_L5h4KykE8,용찌빵,850,96,49,0,0,0,1
277,GRANDMASTER,vptmvmBPsy0HWkKlpJsG5vZMuT88M3Rr7GQzK7Jj3mzJpiH-XRCzKq827A,khong the say,633,333,271,0,0,1,1
278,GRANDMASTER,8Hlb0e8hVf8s9TSc0OOYO9sIBGZtKEwGfId2KBTxaCPmWpYsm5tvdxgmwQ,죽여봤자 더 쎄짐,615,710,677,0,0,0,0
279,GRANDMASTER,DUts4eT6ybeEJqmAmUoQf-Zabv-rWeg_9bSREKOtTnO-jFc,Charlie2,756,159,132,0,0,0,0
280,GRANDMASTER,Cf2KufT3LpstX2XVB9hzYD4yPlRen5ukcuJQqZJU6_UIrw,Gukzomdao,679,99,63,0,0,0,0
281,GRANDMASTER,KEnoDIYekCVP3cD_u2AzMFXVosbK3rV72bclpw6VTMo2zO0,징징이는징징징징,865,256,224,0,0,1,0
282,GRANDMASTER,RAI-0RuQnM2eoLICevTKLvjt6bIoaQFi5N4DLJtni108XYI,불멸의무빙,660,102,72,0,0,0,0
283,GRANDMASTER,cQM8QskIexRRjb8dNeBwT8ov3X1hoP271fzxLYk1KIqh1dOD9l5kcDrCRA,9474500519827645,630,156,126,1,0,0,0
284,GRANDMASTER,yd99w6TkOUD66ijrniNdAgZqhHbXvenJcpGJR995F89K57n6nwb7hWQZew,온 재,796,569,538,0,0,0,0
285,GRANDMASTER,vfKgnjspi_M5RlOq7T5NouMI7fao7UKmscSy1QUZiZ9e6w,Letecose,660,151,121,0,0,0,0
286,GRANDMASTER,2oFZSTnSayN9NTtTwt1QUa0x5r6zMITBeDr0FVI6zJ_oPl4,조고마한 달기,747,152,126,0,0,0,0
287,GRANDMASTER,ueqqTZZ_xnLxcgWPiBmrwfnG38qOkTGKqzb8o1ZcPiwrrrM,씹덕해체분석기,624,51,26,0,0,1,1
288,GRANDMASTER,beNp7JJBDoTLy3nLHY4wJQoBf7xyMckJ_anUOLcVRs085Q,천천히하는사람1,627,178,144,0,0,1,1
289,GRANDMASTER,z77dxdpX1XOU1qR7zJasblTXP9dSEnbgQAuJgALd5UKe7sY,피들서폿누가함,672,303,262,1,0,0,0
290,GRANDMASTER,AK5INYsjONseK0PiO0z_8OWiEriaTBEpz6S44lUXgxnXig,까누리,638,208,185,0,0,1,1
291,GRANDMASTER,YkZa5kC9-ISgPQDb68T83hBSdAxdXzmGrAZPdM-0OigxRcs,현민이누나사랑해,626,174,135,0,0,0,0
292,GRANDMASTER,9u9WPrvaFzU1eIiutTDFT0YH6BQxo899Gp50QARlAjcWSQ,순규박,741,410,381,0,0,0,0
293,GRANDMASTER,GwV1dm-581x-x64xfNI1wwcKpdb1kl0uGNxdUWwdZbsHpZY,선제공격 카르마,737,371,338,0,0,0,0
294,GRANDMASTER,W4hBmVZJ4Ubj9-kU4-TGZMiNR3PwtOWsonf6dwVJEEAZ9qk,유렉이,644,236,201,0,0,0,0
295,GRANDMASTER,TJTwNiBc9-c5D985NfNAGqgXItTpIEC98U8LNeQFh2ZicNs-fcadpCQpJg,poosyboylike풍자,616,226,194,0,0,0,0
296,GRANDMASTER,x7o6hHudZ1EWph2rum5t0FuPbD0W4uJqW8DQPUT3syaFv2EzKyp-3Mvrqg,미안해하지마자기,753,278,247,0,0,1,1
297,GRANDMASTER,UIurUvtm5Ycn_yAHsbnRxCLT98GxjitGSUZKdPnXGMVT1QI,NS Calix,832,677,646,0,0,1,0
298,GRANDMASTER,XbwZiUSRgftGpTpvaGjPxkYs7Y2SFLx5WItUcY6go7nTamM,못하면조용하장,639,225,174,0,0,0,0
299,GRANDMASTER,FA-Rd-3BbdvJFs2AP-t6zG1zQdPoTdXW1UpYSrqTYHPMpw,다훈갓은 죽었어,732,262,239,0,0,0,0
300,GRANDMASTER,Isz1vaPuP816GiByF2m7QN6SCXEML-8UDA-kD5BRu6NDLloH,상처꽃,792,136,100,0,0,0,1
301,GRANDMASTER,JZQ-l4Rwk3P8EA2B_EO2bF4x5gb_CBG98QExHnGCQhFvmBDfbAJUjjfRzQ,막강주니,859,633,588,0,0,1,0
302,GRANDMASTER,oRG1jDPZn5oSgX60LRXluyoSB8pm65VWw_626IVo9NunvxtiEBQICAt9gQ,Xiang Jian Ni,746,310,280,0,0,1,0
303,GRANDMASTER,enV0ZPg-cP_S2jC3jabA8oglFny6Hyg-AWmy3DJ9YCHUa7SiNuPby2Lq_A,ting lao ba,718,313,254,1,0,0,0
304,GRANDMASTER,qwcVObKURE3LJIApuzzfqYw8ZjksGC5S9ni-kmDqLrhg5o4,포지셔닝장인,676,109,83,0,0,1,0
305,GRANDMASTER,fxCIbcK0wfBbHbKSRcYART0mCsIUcRH2qO2fskrq7Q28jJs,점수 약탈꾼,668,177,153,1,0,0,0
306,GRANDMASTER,3L2f7AZhVImu-o1xfh9DUy0ToL7NUuHhAYCjGvM3LTw5kk4nBmwBVF72wQ,qwerrqq,678,168,115,0,0,0,0
307,GRANDMASTER,GFU7iN7wZ5YtrHdV2OD5YvQdwEVhHWlyxfh8O2YR784AZnFt6nf3pbyqKg,tylooshen,858,407,373,1,0,0,1
308,GRANDMASTER,JrQrtNNng8DADCGelLtTaogNppVWuAkD8hhhc-dq_19qVe97tOo-QCrC9Q,벌써1825일째,682,105,75,0,0,0,0
309,GRANDMASTER,ctHHBjiE9Dn_urNn-Ant9xGgDLMNPLGzKVAFB7Mptx5jTsk,아이사카 타이가,612,369,340,0,0,1,0
310,GRANDMASTER,mFY0tht_Yn9WYttTS_5cjfWR50nBbFQfVl_ndDCzF6CvJ9s,oqqad,657,273,239,0,0,0,0
311,GRANDMASTER,H5H9Qz-Jq6KoNvuQ_HrcXiEHxBmXRzTPzMGzgMV9SsCUgVMmshOAuQQbxw,반해쪄,718,376,343,0,0,1,0
312,GRANDMASTER,ZLpz-5Jpg9to3eHJZ74T8KGbvEnBWoUR8FaLj7m9gYQcI07k1Njway0u4Q,yezee,790,218,154,0,0,1,0
313,GRANDMASTER,zr5pnTLs_LzivW4slrMtFNjVZxSXx86UlokHFxUorZAi9A,봇버프까지숨참음,614,136,102,0,0,0,0
314,GRANDMASTER,njccsMj8e6Cb7boInp4DQlNYEVk66dBuvsayG3Antc2XWMD9J6Lsr9dFlQ,장쯔밍,636,285,251,0,0,1,0
315,GRANDMASTER,X6VGlPpEGvuldEkW_e_5nxXwnk-z0U0grfXcadIJm0W7TBw,벽느낀사람,625,723,679,0,0,1,1
316,GRANDMASTER,JYNigRMNjKXaweno6-ViHk9u5J_gHPn1Kpy-0i5dKrTihPVSovb0JyQHjg,swordart7,831,364,325,0,0,1,0
317,GRANDMASTER,JWoFi7_QoDwXfEz8zGbMwr4prwWqZHI0NKXYtpvkx0uk_Vy5v7ndfExXkw,sooyoung,736,136,98,0,0,1,0
318,GRANDMASTER,Y8JmlNq6o7FXwjY_Y774UaHwjD1wBszqe3lsbv4aLNeITEwoW_rYbL_2iQ,강호에 은거하다,721,317,255,0,0,1,0
319,GRANDMASTER,k_oolswp8Q9SIe9S3THFzqhjIRMrwCRkH_5YfbAVCpZlnywg,mei shu chu,822,322,292,0,0,0,0
320,GRANDMASTER,Tz_O5kj7ZQG7-y1tvqUXogOc9h_K55M1860Mm8iLGKq7DQWSl6ZnHLaPTg,xiaogaozi9,818,621,586,1,0,0,0
321,GRANDMASTER,HN5oDNP5b6VJgvGSO3qsoCdlCM503APIUKA3x_P9oiPhxRk,qadfer,639,113,70,0,0,1,0
322,GRANDMASTER,g1tAvhyw4qyRyq2L45sZ4Uc7qn271VYif6HGgbK-TWUCODPeIVyY5-rDCg,Takey99,678,228,169,0,0,1,0
323,GRANDMASTER,dyph4O_Wn1R2PE9MxguwIfQUF6ZUrVfvZYlFwsj7F_fPaw,장민수,613,107,75,0,0,1,0
324,GRANDMASTER,jGsDGChq-ER1od7g66axMXwmfseBSpRjh9J-DKkoi-jU7Cg,사고뭉치 원딜,664,229,203,0,0,0,1
325,GRANDMASTER,YS7K_D7iiyW7rk8ZZVSIRLIJbXofa9TJmzWpMkT81wBV7us,고라니 사냥꾼2,703,421,391,0,0,1,1
326,GRANDMASTER,H4Ef1tNkH4U8Wj65j1_JiNT2DCtGrX1cA3UTquBiBIIJRAUNiJT5UQllNg,Rough,951,388,338,0,0,1,1
327,GRANDMASTER,syRyyTNLmSJ-5QBrwUFekHmWjqQDquoXHwRVCXXVisduleE,NS Mihile,856,296,266,0,0,1,1
328,GRANDMASTER,8ak0blV-o9kF8Ito3PbgPEEIWg7C3T1DdiD37BaZEzTgG1E,DWG Ghost,756,282,238,0,0,0,0
329,GRANDMASTER,T5-EYS2D46XxnFE9sY7c_Evo6PTnT_jZ8ikP0-lnOtw8tc-o4MEAc4_7UQ,hmxtt,712,114,78,0,0,1,1
330,GRANDMASTER,ypfLfzQZIFfydiNz9RKcAoG6RYbHw9PwXdi1sMb0IerNmvSMrZ0Hn9OvmQ,i kid,706,409,380,0,0,1,0
331,GRANDMASTER,LVg53sUnj9HlZ9PNkjj6Z5pKqSfr_-Yjsgitlq2hB6W6LMJJRTmX7TMxUg,neso,762,273,233,0,0,1,0
332,GRANDMASTER,bvvJGkA-W6a2vypMQpt3gT9VHGSBjpce_IqICEoLjoI4nEI,스눈이,618,192,160,1,0,0,0
333,GRANDMASTER,LLe_pHVQiRcle_oDU2QiG2VHywewU4szCfNi3g3nzSlNr7Y5-tPuMc5pBg,Epilogue for you,498,806,792,1,0,0,0
334,GRANDMASTER,OZsolDO_MPw36Np8IAutzccKU2eoXThteFrGEz7ApFWW6FU,헤이스트,743,432,396,1,0,0,0
335,GRANDMASTER,mDaITqewLRm6y1ghNlXjqpGh6W0NmWD0z_Dp2J1L712oeQgGsH1J1a-FaA,HLE Pooh,860,477,438,0,0,1,0
336,GRANDMASTER,qCtNUulzQYtXpk_XAb78CH_-VuQrKy9fmUX7OOiRlk4E_WE,99babyy,634,240,132,0,0,0,0
337,GRANDMASTER,ABv_0hiLy8X1bX_9nSqpLUqJ7FYvKSAd4a8fwvGSUPgiXA,강한행운형,722,404,368,0,0,0,0
338,GRANDMASTER,RxiHv_f55IRWB8fgt-MI3GkaMyllmppWM-HSBtNkPWEV4AU,2020년8월,740,322,292,0,0,0,0
339,GRANDMASTER,6Pf8hx3-Y9meSGByQPthgC5zQYI32GobAArN3U09bE-TmrQLdOD7kTezhw,BROWNZZ,550,193,143,0,0,1,0
340,GRANDMASTER,qPUd9ft6_sV2CEvDDSdOE70RQRAz5Jzh1OJWLN9p7mnL3DkRQjNVu4P9tw,golden hour3,646,293,265,1,0,0,0
341,GRANDMASTER,MXq1Loq9H2vZWVZfAgoBoFp1hkXDihmVcstJIHUxh-PYUZU,토로가오,635,313,285,0,0,0,1
342,GRANDMASTER,seASikNu432SGy-rCtY_NWaaXzannZrk6MkfQvBM3-wD2sAy_cKJK8o8JQ,인별 happyl0l,590,220,201,0,0,1,0
343,GRANDMASTER,o6Dd8TcRfPdp-AbEyEEyY2rvqolCzCq6zc7cAz2QVMLWE7nyVbA25KvGQA,Daomeigui,750,643,615,0,0,1,0
344,GRANDMASTER,452PQ2PSdFzMYMkIT4zdV2uXdLIQLThQsQYZJ4PqD9zv9JmcmDgnNTiQrg,Enndme,711,263,233,0,0,0,1
345,GRANDMASTER,E_27jGm7Dj6MTcyAQgpxlE5-LZr0rFNGVwpuexm4ky5Z6lk,IlIlIlIIlllllIII,644,113,81,0,0,0,0
346,GRANDMASTER,NDcpl3xIMkbm6iHuMOvNUL2yfnoQYItKDYoflkXNqyawhw,생배는사회악,702,261,244,0,0,1,1
347,GRANDMASTER,fbMopNocikp_PAEjlPzuJNGlvtrTIw_vIDAYig3nSSRAzP7YpmT4Qobe-w,kongba1,786,616,577,0,0,1,0
348,GRANDMASTER,quE_Cy_NBLaxkK90iqZ-la6T5Ub9C595BQ16BXrj0-eiJNCmxVXYNTH_SA,qzedujlp,772,405,378,0,0,1,0
349,GRANDMASTER,iH5dRFE57QE6qKo2Gt9wVHmgBCPzZFc6g6aQLBHOAIVdsA,용사 박복찬,633,221,181,0,0,1,1
350,GRANDMASTER,s2_tOs4JAr7vAZWTobT4UocBWEAsLewn0WeJm6BD94Bu07s,히냐앙,643,92,64,0,0,0,0
351,GRANDMASTER,2INb2vgb0AcuFXipHpmcakdgUJuwz4bSJPO-mUMti1Orpt4,최강산왕에이긴다,669,234,205,0,0,0,0
352,GRANDMASTER,B2GyHGH8DoRY5-QTvHv_sYcou5367NRdZeqXaajoYhhlNjU,편 주,682,175,144,0,0,0,1
353,GRANDMASTER,SWBpWPq5x8n82N25BuhxbM5bCKDiaP3OWXdWp7p_hSmoo8k,Ygret,628,209,159,0,0,1,0
354,GRANDMASTER,98kCMyk3ebemz1bPf3EbzypnBiZ0H9LfN8slbzBsJYcroVuSu7HqVmqVpg,Nowaynowayknow,680,118,90,0,0,0,0
355,GRANDMASTER,UEBFdGGbDDw3DAKzbX7v9-ETv6ZB_qyt7pxw0WBGuBlxtu8,kfo,687,834,800,0,0,1,0
356,GRANDMASTER,tmgAPYG5WXmf8VOLGg6TNeddgucVKvYeh78Paah0L8OmuB8,어린이정식돈까스,574,321,291,0,0,1,0
357,GRANDMASTER,lsmZKlyB_By-SYkjfGXWQ2pkTiyExuBK7LpN88O2phaCy9n6QaQo4d3iEQ,yoon0414,860,130,76,0,0,1,0
358,GRANDMASTER,5ZOIgmR4A_mbadXua-v066Gy87g5zeZujjWKAbCvNqgmvTE,주희너무예뻐요,862,128,75,0,0,1,0
359,GRANDMASTER,zDlEALKyATi7u-BJucQeyeaRD0rX84u74LadZ9NCbAYrFw9ShLlWKer7NA,71newda,762,474,410,0,0,0,1
360,GRANDMASTER,DY6DRbuWBHIVfZSn8YM31ulsxub-EylnaFwx7XQgVAs7D28VAv3C3_3hWg,Nennek,626,185,156,0,0,0,0
361,GRANDMASTER,b048Yuh5zjvc9OFIZAunE849CqnzbVi8531LBCDqg4wUdAnkx7eU-bCVFQ,N1ka,666,122,78,0,0,0,0
362,GRANDMASTER,4sFiuydOnCo7VF1_-191R-oWjYObzg8WcS6BDF8ai9Lb88RYO4dU6i9gig,차오꿀1,832,542,510,0,0,0,0
363,GRANDMASTER,aZbmprF1ZmhXuhPh4lrotu0viA75Gj_KZLyXsaeDjy6tYlk,상랑해,617,251,228,0,0,0,1
364,GRANDMASTER,hfwx_TaU1CVpUv0AtAoyYMqSqSP9q23SyG6us3CSnnx6SZY,전령무새,739,143,111,0,0,0,0
365,GRANDMASTER,U7U59a3teysfMoRBvFPVQH91BbxJXDAlO_L90RWZ9gM1sDo,JHJHJHJ1,747,240,211,0,0,0,0
366,GRANDMASTER,MvQkbUJQFp5xllwGWBqabAtD91kSNbCLpoDErzdg8EfT1dlZ2AM7n60DkA,fi23aa3,651,336,309,0,0,0,0
367,GRANDMASTER,vStypZoUzVM5W9nYhaoMhxDe29t9gSoO620fV8jd0EcKIxQ,맑 닭,804,143,95,0,0,1,0
368,GRANDMASTER,P0jXBcnC4VjPjcG2sGWITCNIpnbZqk95Zv4Sfxc_BjE9g0k,NS Sounda,715,209,174,0,0,1,0
369,GRANDMASTER,tlICX-YyYCxAWwKDgjr0tQsXXE5sh8SIZzWQQfbHmT2tFf8,핑핑울어요,614,255,228,0,0,1,0
370,GRANDMASTER,lqOpQLA0ntQ6y8JPfDXEI2L8V0lwm7k1TYDl5h4l2qycnKoUjT-wihCqjQ,XiaodeLanhu,635,341,285,0,0,1,1
371,GRANDMASTER,d8ffswz83mUC75Ei6_-q2pnS3lLq3ayBDFTjgA3l9_7MtISHdc19tnA5Eg,우연히 길을 걷다,889,154,125,0,0,0,1
372,GRANDMASTER,9gZFYaDZXruZtSG1LLc7IUnizqko81oFWCw-vTIW7WCxQbrN0H4ZHfR2Qw,pppxxx,892,266,216,0,0,1,0
373,GRANDMASTER,xPRCAG7f56Jk85uZEFWtkeE8pgoas4yPA26fTxuXT7h72XbvhvV2sRrWMQ,이서코,786,214,157,0,0,1,1
374,GRANDMASTER,qso24ldJMIt6CTQPjMp5urt2rLPNsz_Yfrr48enkkWRtaLI,박해밀,575,360,328,0,0,1,0
375,GRANDMASTER,Is0zzOeifIw3UYnoSh1f9wujlssX8lP2DmEixhuL5NjSFps,꼬집어,860,531,487,0,0,1,0
376,GRANDMASTER,QSJ0Mtei9wLynm-QttfnqvnGeIJWVzIwGWDXBEnkqbru9DE,빵사와인직아,686,359,317,0,0,0,0
377,GRANDMASTER,Birbo532qSN3IbXkmGUziqKm9NW7ew9F4Dg3J_Ok8z1YybI,태기베어,854,118,81,1,0,0,0
378,GRANDMASTER,IoTRbtqsaRhhq1_ttXjg8NEauo7_xMThFsfVJw7Rv_Te2s8uZe0_B1eFdQ,xi1,839,461,427,1,0,0,1
379,GRANDMASTER,Ed_coc8ZmNsLUrPSIb8ELj2YXUWB8MIKTAORpMIgSdKgqR64B9UZfVGuEA,BLG Bin fan,720,647,604,0,0,1,1
380,GRANDMASTER,n7xIKSMikeby5GCxaH911VMBaryeVravWLG27Q8Hno7psQ,통통초이,823,233,191,0,0,0,1
381,GRANDMASTER,DYAZmdSZF6-f2AAY6lGyuGGhdpkzeGwtobSoKl9FYqj9wUscer4mzPJGoQ,scyscy0304,644,563,545,0,0,0,1
382,GRANDMASTER,jCnEclnFXe-6DdE3C81gshzycRnCgVIj3O_qQMH602lzltXqgitmEY_5mg,현실에서벗어나다,791,208,151,1,0,0,0
383,GRANDMASTER,TLh0gLJ_VXL4g8ijH31ThUdLB9vQmJ6OyHamafYqJaeUdHg,slow walker1,778,411,384,0,0,1,0
384,GRANDMASTER,QaD_bmqWiUIN-K1UyYXj4K50_ZK5dk8DXvpSA4tCKVtPnTzzRb4_MkBkxg,baochiqianxun,880,161,120,0,0,0,0
385,GRANDMASTER,L7mwftf4wQUsLrqa6tppZg7-ikmeyt2dydi3eVxZVFzoJgo,판다의대나무먹방,796,439,400,0,0,0,0
386,GRANDMASTER,JTS--vH7Zxn2iyd3osn6SDFduC3HXwrbXoGGI0Q1UzgxjIQ,KWANGDONG,777,316,289,0,0,1,0
387,GRANDMASTER,VUSIQ5rOa2sC79zZ41En7Cd0tOx0IZtRoyAz0IIug_Sd38A,FA Kingdom,686,773,745,0,0,1,0
388,GRANDMASTER,krjvEwGhltTPO85zQkMSaFypAQzBg084umTrivT71UEbJQ,기묘기묘,739,333,310,0,0,0,0
389,GRANDMASTER,rfNsVjn-w8Vzd5RZEHAxGSgf7ye2yp03Y4uZau_4xmoL8Yw_1I-VMCaE4g,먼훗날돌아올계정,627,236,210,0,0,1,1
390,GRANDMASTER,fsG3RuDAob2NlL4B4zA6mHgyaY4euS_Fonnx52hukyws2w,리그오브레전드ll,654,278,248,0,0,0,0
391,GRANDMASTER,mDuQLecUiwcJVA-vZgNHHNmjbjEIm_5PhSvbetbBG6CPSos,나 죽,832,185,164,0,0,0,0
392,GRANDMASTER,Q9rBliD8fU_maGlKCW1GZ783JM_DElqhwJuHsH9sgCeugOo4SS6kaOeXcw,작은 장난꾸러기,642,237,180,1,0,0,0
393,GRANDMASTER,KupNieznZnXIJsGNcG1QoT8NMKOWjCnVt3fY2GtR9BEpl9U,NS HH,866,354,320,0,0,0,0
394,GRANDMASTER,juJ2rn8M7fV8mbJSY-NqDeAoSbL2iA6svcRZ-yFJ08X6bTIaokBedY6dkA,youtube 광젠,626,164,131,0,0,1,0
395,GRANDMASTER,I3f6Qtolthn20vSt-0ZQ7F_XvYrEXhcDAcepeZIkJjWHAIk,Yeoubi,625,221,197,0,0,1,1
396,GRANDMASTER,-JJbQAe8idKWO2qTgnA2YJcp8990oinJR0MUGT0FsoGolrR7ix_79Xxayg,Cliyrd,815,132,68,0,0,0,0
397,GRANDMASTER,jBXMkCTV3fm6mVszvsggxfILqbkGhKqB3WqUcKZl_DL8Hrqk00d3tc1JXA,chen mo de ren,669,453,423,1,0,0,0
398,GRANDMASTER,s1Pu1WhPNJau8bwMTaEJ9EamNZGFIojzxadc4mw-yBrnENI,어쩔마문,658,197,167,0,0,0,0
399,GRANDMASTER,DkOXsFD8LF1vEjoNsPjgSU9xf3AWQevo08ZcR3ZvUPGmZzlgEEm3BKNphQ,Croquette,770,373,332,0,0,0,0
400,GRANDMASTER,JsgNkZ7XpY6oOoMnslEr39yu4L_b81aBPnaURwq5-jD7b8GJ-cKOqgMZrw,2000 years,778,210,174,0,0,0,0
401,GRANDMASTER,rSSfsGvgHFYbQGSvy26EmbMFeWtumL90DmLd7AdlfrgwkWL4lQOdpwSg_Q,발작몬,630,127,83,0,0,1,1
402,GRANDMASTER,HMRVhk3GIEzt0DjRNoVP5OUCkk5x18UkTU2kFJwZOZwfuUQ,가을이 좋아요,628,187,152,0,0,1,1
403,GRANDMASTER,mxntwZEk3igCC7OafqpyKT7Qhwj7iJxupTUFMfBwPi7SQmM,FiddleStick,704,130,103,0,0,0,0
404,GRANDMASTER,WRLqggMTgNgR9C1sW4KD1I8RnK74R2MxDIort-zD71-2t7L7OqsbZma5Zg,hailunyuhaitang,666,294,258,0,0,0,0
405,GRANDMASTER,e27zPqYjQKktOhpfKty0fZauG5W08QUpyeK9mClPs3jfnoMDmMrw68JzPQ,6월15일까지 챌,718,582,555,0,0,1,0
406,GRANDMASTER,Nltifj1M8R4l9q8ymevLlz-E4eLmRr3mdL1L_0bydeVLQg,rbrbrb,841,234,201,0,0,0,0
407,GRANDMASTER,QBy4e7WrOcR3nHuhJDXCr7LEUI0Cz6_9aEaABYT1Ans5f3ORZQ7LKabWlg,Weare 오늘뭐먹지,621,117,88,0,0,1,0
408,GRANDMASTER,vQTkjOv2YboVvEGKrkXq3lYl6NpvwC5F_u9fgymE98ot7xy5E1FlVHXlsw,choovvvvvy,670,197,159,0,0,1,0
409,GRANDMASTER,2nnfV7oCOspIqMX-m9PrChz2bKEn1zwm-QWKidgxJxD77Q,설치설치설치해,621,157,115,0,0,1,1
410,GRANDMASTER,BMlMddfVoIV-I-YLvPrDlpRdAnHfyEETvP4KDaO-ROBkl3s,고마워요감사해요,846,278,241,1,0,0,1
411,GRANDMASTER,Svm3RYfvaFm7z42fZEPkmhVTSCo0_TiK5qCerp32pwt1OVqfvLC32KBMww,Akali King0,589,193,143,0,0,0,0
412,GRANDMASTER,6NRVMxvsYOG-NzECxfI3R7d0GQt_aagBcPoCum3cuf9PC4Vw,wuti4n,730,295,268,0,0,0,0
413,GRANDMASTER,5efH1_mZaB-H4fHkWeM7FuDHyLNpFTCqW6lGvV7_aodk2qI,DRX Juhana,928,316,278,1,0,0,0
414,GRANDMASTER,J4iG0NH3RqG2UfTzKd88-sms21Kmz6WXpZuoMr5kp8gQzeazTB-yXxAHEg,카시는작고소중해,826,143,101,0,0,0,0
415,GRANDMASTER,5vnCbrugwarGvepsUpoGooje6itNkT4sYO8VcFExmxAhCqw,열심히안할생각,653,338,304,0,0,1,0
416,GRANDMASTER,y9iEJmnQ5hbRVHoQJbayoB_VEy-FgmzZNg5od7GQ4t0n--k,tkzj좋다,648,253,221,0,0,0,0
417,GRANDMASTER,8JKbaCSoaOUuPL0ZPYorivCc6AEsYIOmhDF513pCJGgnKrkd,An happy2,755,377,334,0,0,0,0
418,GRANDMASTER,cEaj7yPPhvy_bGLeQ6QI2GK3ugopw0N_a2a6nHZD7WYjsAA,DieThal,869,404,367,0,0,0,0
419,GRANDMASTER,nuOpo2oRhFTSisCzDxRBaGD3LWfdSaPH3HOSe-Oqk15e1HgYXttZ5bhwfw,q4ajlkidcz,621,191,145,0,0,1,1
420,GRANDMASTER,wUOI2YOgSsIUngrngxXYGgEXlPwXZ--E81J98C6IcUPbWp0W80sa1Ol7eg,나이트 에이전트,612,156,138,0,0,1,0
421,GRANDMASTER,A_ad3F-MxzXZy9QyGiIeamUE_IIRwjUAys5x_Y4oQJP-LXlYafCsHKoiHQ,xiao lUo si,855,239,177,0,0,1,0
422,GRANDMASTER,diGgYxeqSDCH21UimuFTrXXojV7Cc7X5ICUWJN_tnMYYDCo,drx4,904,115,79,0,0,0,1
423,GRANDMASTER,eKYBjG8XUFq1RwsXWm9pravvVBUYJRlLdDVPXYkTz-FJqMJM1cud7LMzAA,Xerath,660,189,134,0,0,1,1
424,GRANDMASTER,W0Ex-rm7i6M1-1u5QJr2THDXcRflTKf4HG2Jz_C4wYwH5dc,Pain 2001,613,250,212,0,0,1,1
425,GRANDMASTER,58qexLQ79Nz9yMqkmoTxFmYOlIVJLYPp2kowudg_khwulB8,NS Quad,795,195,151,0,0,0,1
426,GRANDMASTER,7I_u9_Fm-jKWh09z2KFN1O1dtXBxlHDXEbgCypAVF2O0bz0,Gen G Winner,717,141,101,0,0,0,0
427,GRANDMASTER,rth0CKUd56FCzDjkIfxtQxbMXpZsIQHu32yjOe57rqtKT-0,이히히힉히히힛,694,304,264,0,0,0,0
428,GRANDMASTER,pvkGqIBUtPnxPkZL2qc5R7RVdOM5nyQ75cuwxkF5DSQVj9k,30살 탑솔러,626,155,123,0,0,1,0
429,GRANDMASTER,j6iAVUfYD-ny196Ps8dq5zeCR0o8MF8K3hFRJP4VCv_ThQ,이 별에서 이별,751,257,225,0,0,1,1
430,GRANDMASTER,9q4gSwTIqOnzIJbrlaXE2ex5qo3mqinEJ7bE8iJTHrO-v8w,운명에 대적하다,865,593,564,0,0,0,0
431,GRANDMASTER,4XFCY1M5_rpQd4Ii2-t0BrhgEifVq4BLP4pWPISiGg0tUsg,누누교수,691,379,349,0,0,1,0
432,GRANDMASTER,VOb8gQteukXFa37QJ0MMdI2xCbceyEfwgFn9EUZW5NGgCmjhbVspvnR-TQ,yifenzhong,728,291,269,0,0,1,0
433,GRANDMASTER,k84OX0jcmdXRulLvUVBDaFgofT2-R93LMffJki93_QBCNtF7_XLwFHT6zQ,Huaijinz,690,296,268,0,0,0,0
434,GRANDMASTER,U8kjCbHV_sGrkICu-BT5QVFMMinnjwbC7qsFDtxVoyAQM1Y,아이러니,784,196,173,0,0,1,0
435,GRANDMASTER,DBUP7n1RpJ8x2LOhPrbQPfxRf4DMTf-KLJ5lvb6G3px-0gIg,농심라면다내꺼야,983,416,386,0,0,0,1
436,GRANDMASTER,k-PtLlKGANoNc4XmDB3xEFrTpSV5Z51fCWgBN56VttculuJ7LZjqaLkQ0A,Reiksai,869,122,66,0,0,0,1
437,GRANDMASTER,lCqSBPlPAFH-2iO8bWD4RA-_2E_5ks6GJxVP4iEgYVqvgO_eEoLaFtbGNw,씨야보람,622,198,173,0,0,0,0
438,GRANDMASTER,0Tbg7FCNagOtW2GHJdtWyUoPkqC-Dt3ThEgTo4c2ILISmBxG0m7Stqwj2Q,hulatang,710,403,346,0,0,1,1
439,GRANDMASTER,QZ4sLoBYil8rj00tyfFltAZnHORLyynYzZsvyN0-w5NuYuY,배나무,688,286,257,1,0,0,0
440,GRANDMASTER,mMn8nM6sLPc5wrRleB4kgPlHoV1G_A_WFJZX6m-x4C05G34,봇치 더 존배,680,273,243,0,0,0,0
441,GRANDMASTER,G5Zp-QvN6rpxjUb3ObuUqGHVybZfzDSeYvaKxKkPvQa-HsV10w_MuNAW-g,표시를,654,470,432,0,0,1,0
442,GRANDMASTER,i6T_4oWJXbLis9LE1YYDN9PiZJnKRwGD-xmdZX00N688irk,Remon kuma,730,355,325,0,0,0,0
443,GRANDMASTER,qdJ7vcI6OtuygFhg6CWsVj0OyE7d3-nQL7X2h0sc0Nd38TA,발민한 기놀림,571,868,840,0,0,1,0
444,GRANDMASTER,NYCP7XhZMf2MBFIEKRZ9R0RKiEMNDDImld_fc0RzCTRrhmExamQWNdLMjA,KT Aiming,675,159,123,0,0,0,0
445,GRANDMASTER,0pHU8ld8kKicubNoiyPY73DbHektHf0PXJAP0lVhCDlUmjH0ruXobvftiQ,담사경,706,275,216,0,0,1,0
446,GRANDMASTER,PyOvNOSVQHFD53fs-qHPEOuNl9TYudhugKFomNUn3qOy9ts,데스줄이기,778,301,277,0,0,0,0
447,GRANDMASTER,lTr1Qn16y_pb5zHqr8SdCKCckVvzWKQgSKQOoTW2Ylmb2A,외길인생 샤코,763,226,195,1,0,0,1
448,GRANDMASTER,pdzs4dcvAezU0slVSkH6yHO3PuHRX1M7dwPt9EVyew26aZw,시즌 18호 깨달음,610,253,220,0,0,1,1
449,GRANDMASTER,eTZE0ZoNsfPuYtR2FuHpFBQIHkRlcxGRVk8mwwAGv9VfAVyUSWrSnlaDFg,Sadays,698,123,91,0,0,0,1
450,GRANDMASTER,D_c3rE3HEHRlAPw3wBcOh6t48UvLc4bDZa8yKQwpb5byh-I,람깐만요,764,295,262,0,0,0,1
451,GRANDMASTER,2WcG5axO4m7SRMEBbXoJ8uLkausHys8rLWgeB44q7HjmUl6Mq2QpKoGcdw,woalrkdjqtek,718,216,198,0,0,1,1
452,GRANDMASTER,hPxQLI_JIkzAW97qVj17SkNeVcv2qb9XRYofl-9FHsBi53agdOoPRAxsjg,FGG,615,151,113,0,0,0,0
453,GRANDMASTER,HA5T67pcEkO_uN7oZIUoXiPrP-DkMCNUUJU7Ztvz63qY5xMluIYD82aA4w,육식동물거북이,667,371,336,0,0,1,0
454,GRANDMASTER,3MNy3MDiHBQJ1F_941hs78Fro1WCvn6P4HtmpLaVZxcSZBi8GF6PC1awfQ,이러다여름이온다,646,313,290,1,0,0,0
455,GRANDMASTER,uz-pw4UTcxkMZkMAlEVRPZUAqITUv07m0gW7ifepbFj84_c,Carnlvore,841,350,309,1,0,0,0
456,GRANDMASTER,TkZnOggDDuaZQrws9m0I4pGXclEdB06FB6r_DvjgD4UzRXao0srP0A6tXQ,어흥 놀랐찌,629,230,212,0,0,0,0
457,GRANDMASTER,JC_-S8OCzFGe49yJ6MQnsaRcXMacdcFkKPrjmnwvss6kJFs,갑각류의 문단속,637,224,197,0,0,1,0
458,GRANDMASTER,X94yJVhli_6VB77oTO9IW1Mr5I0RhpiMaMhPGTPcop44UKWF6sR9YHfiBQ,NS Carlm,635,213,178,0,0,0,0
459,GRANDMASTER,ldDBzhCV2eKoTViOFaxITOmVRS-bEpbU_R5U9LoqlAgpORY,starloving,790,380,301,1,0,0,1
460,GRANDMASTER,0ryC_4HUh6tXcqsSJMnKm0Mz-eOJzdQ9KfJUdwemY8FmMXklTx_er4nh_w,초이통통,922,161,121,0,0,1,1
461,GRANDMASTER,DEi0AZ1iFGu5bXRElx2htHXw5OiHfrPvrtZ3h6OtYP_XxduxCR9HNQ67MQ,luck cat,795,288,252,0,0,0,0
462,GRANDMASTER,RCvNJSO7JK_jaqFm1IonAm_XZUE9rY2KQ_kf0QaxDRtMEew,꿀벌말벌땡벌,712,157,116,0,0,0,0
463,GRANDMASTER,HXZIpMe6nTX-U5XBUktFcFPerYYuLGftUp7CnTOfCjE-dqM,나는이상황을즐겨,660,580,550,0,0,0,0
464,GRANDMASTER,sgEAEmxSnFP_65o0RTB16FllCilfmSoqmmwYdwl79ZKvtBqlECa089cJvg,피그차이나,822,322,292,0,0,1,0
465,GRANDMASTER,zHomT2w76nINBU3GCMM7aitJHmTKS4zDPm-f-C1NGeMTmjqH6iDO3NjMBQ,owoqaq,959,260,216,1,0,0,0
466,GRANDMASTER,tuEhrojDnUAqKjdN0qDCMcYFZBgQ622QCkMkYQ2E1CB07akzI9RmSAt1pw,YQYQ,819,268,229,0,0,0,0
467,GRANDMASTER,Ly7KpFHecGi4NHwZKml__nl-6sTCZdXktqMC6cMDzbfyxok,개깡구,721,206,146,0,0,0,0
468,GRANDMASTER,3u0jqSVc0aY3q-jyPuXrLq6sfVoKZYEkRdDoqdVIqQwoUUGzdwlB2FFX3A,Amnehilesiee,757,86,56,0,0,0,0
469,GRANDMASTER,qA9hEu5IO99dsB5JaYEmGLiD8ohdkXvQ_aywJ_-Qz3KfI35MAx0Ft5C9Ww,EDGEDGEDG,699,291,261,0,0,1,0
470,GRANDMASTER,kJ04zTppdQB0y2pWmHNACtpboK03dcEXXxRNVOWg-d6zw3p1HGr6cd023w,an fen,847,425,396,0,0,1,0
471,GRANDMASTER,UGEje6ENVMTdT_ObBo69JGgFoJEcWmpeVqKWHg0txTkHV8E,하나둘셋 찰칵,829,115,79,0,0,0,1
472,GRANDMASTER,KOv6QxP82lx6MnWtJWK5TQmwXUGjLtlwo7nRqDRjyoXf200,Maeng in love,667,290,265,0,0,0,0
473,GRANDMASTER,uSsxjf1i_RR_O1MyW6Yev-AvtqmnixXGiPZtrD-aRf0jaoqUMv-cKi0InQ,Queijo do Chef,758,138,97,0,0,1,0
474,GRANDMASTER,7RSf0QHYNXgadPj0O62uGyKkNMDv6vnGIA6EgaUTUsIcsLw,사소해zz,782,547,507,0,0,0,0
475,GRANDMASTER,TUziQSUauTqUiQdn9oS7rn7KAH2CtA6j7SDWsUi_8rCbd0Q,엘소드,878,156,108,0,0,0,0
476,GRANDMASTER,xuv0fZNDUN23fGEo-plDO2lpsc8Wzah8pkYs8ONZN-6wx6M,토끼예나 예쁘다,803,263,228,0,0,0,1
477,GRANDMASTER,uxKZM1PBhGKc4Dkb1h-kwQgJU35dvprAAWF90GoprTh7V4Q,BTS JHIN,768,424,389,1,0,0,0
478,GRANDMASTER,cfV-prGY1FF_t1f9HrC9aeX3_1HCW2q9LrVXoUGzDP9_PpCBJtDnREnCxg,eightQAQ,753,247,226,1,0,0,0
479,GRANDMASTER,DndZ73taxoWDBxEV8J6UeljdPO71h-b6cK1rGzAS1ay26rkpIDqOlmyLhw,qweasdzxcrpg,808,432,399,0,0,0,0
480,GRANDMASTER,m1Xrfz2pjP7C24yEr5zXHDtwbly418ghaL1wGmt07HIDj8laWh9or1DA9Q,알렉세이,690,610,568,0,0,0,0
481,GRANDMASTER,rq9zt17hisrqEBXsQ9r1jgbm_FtuyHlp2z4hRNmP0-b9UfFjJGH9HUZNJQ,waipo3,628,250,225,0,0,1,0
482,GRANDMASTER,-IPLUPD6zx7W4kpCbXTBkA0d8b_e5IB0Z-uJpuAbp_0ff_s,석 태 마,737,830,795,0,0,1,0
483,GRANDMASTER,gZl-TYgr8bOAOO5gxROTp05OAF_SHBJs2la0_nfI-P-YLcY,Katagiri Eririka,694,397,360,0,0,0,0
484,GRANDMASTER,byCZR8_dHTsXmAfLwUdvavpwAM3FrVl_vzUdDvitNqRzOpRuunb2y4NgNQ,치찌치찌,701,130,97,0,0,0,0
485,GRANDMASTER,YPlN9HtUSw0kHPo8bZAUbQcESSgMpFnbeeE2sR_IIG0Jc78,NS Hwichan,566,642,623,0,0,0,0
486,GRANDMASTER,iEcd4kUYR4ZgTzmUxLXyVYEjWnHubmQRm2T65XWDaEd-rMyBXcCToELbjA,0o0OoO,684,836,802,0,0,1,0
487,GRANDMASTER,lDejJMA3NcoN5t-z_GxUzGx2lxq-Qk_gwxgV_e-vqwmWlIIXVSGc5FY_aA,FA  thh,646,176,129,0,0,1,0
488,GRANDMASTER,rElbzMiiZ1v3JPoFfMzSKEkalb7oGz1Rc3o7vtRO5S5UcFkT4f3Y96YjZQ,zhishouzhetian,715,134,97,0,0,0,0
489,GRANDMASTER,ti94lh-t-It2wsJB-8-gEcT9y42Mx4AO5YUiZeECl0xaMlmPaVYToebHXg,Moonlight1,851,232,173,0,0,1,0
490,GRANDMASTER,HXu7k1VY2ff62CwNna98lxznq82zpqCE18Gc86WoluudgEA,나 은규 고백곤란,756,237,207,0,0,0,0
491,GRANDMASTER,1sy7wpXjpPgF4s6HbIdfw_ovKiH54xYL5ic5o8tdVvWIKR6Qk4g8eDM9pA,qsasqrq134,836,131,92,0,0,1,0
492,GRANDMASTER,af9yc4NtP2cKNJgE9VG3FUlzeXZJe5HgGPhwHT__LvUJq1U,참새우깡,660,398,369,0,0,1,1
493,GRANDMASTER,-r_jt_B4SZPb6jkyNAlFgkhs_Xj98A-myv_Nfs8Up9U0nug,담비에요,750,317,288,1,0,0,0
494,GRANDMASTER,F4pkNNxd-Zyri5Gt06FKGh4MBEjNNknuxoCjGiwx42KnqWA,눈보라 치는 날,650,160,132,0,0,1,1
495,GRANDMASTER,sW6mZz3jexefyh7ZwJvE1XfPQ-h7bmZu9SxiRDKOvRrx1wW3flHDAMkrZQ,서정언,631,323,304,0,0,1,0
496,GRANDMASTER,eHDWMXYfvRkNmbaPT-KiM--DklrkKYU_3gzSk1KJEtYKsv0,언더덕,924,210,164,0,0,0,1
497,GRANDMASTER,-AHN5hPA8-JFauUfelpRTChDLcNsz9zdeO6yZnXkvhAO_VY,ZED99,612,118,89,0,0,0,0
498,GRANDMASTER,uyGlucLZbWeAdPMg_so21IuBP2EMxCPMUNTRzBifHS21ZjjKO-HW3VLzug,bobiking7,732,221,165,0,0,0,0
499,GRANDMASTER,r1o9lt8QbxumGwFc94foFjMw3KXtfen_WVaDUa0KW7d17-KSgbkeDIk-bA,qqq oo,856,358,290,1,0,0,0
500,GRANDMASTER,rQhJgzBk-mBTNIC40JieBR7VZ6iTC54XV59rUC7DwPhd-eEMR3mqoFPE1g,melody2,712,249,220,1,0,0,0
501,GRANDMASTER,s8oZnZhytLEwrBPULWelP1VyMe5uG0lUt8AAOf8_wA9tug,JustLikeThatKR,803,438,404,1,0,0,0
502,GRANDMASTER,_OYIDk6lZJYguaa7s0_pucu3k-3KWRqFw0F6R-MRaI2f3ST_3mHYl82K3g,고마해라마이묻따,779,317,285,0,0,0,1
503,GRANDMASTER,RCdaPOCH9sqMgBFyV2ZVbaz5uHx6WVF6fo4UzjipjC9IbcTZh9G3UbmjhA,유유재연,677,137,105,0,0,1,0
504,GRANDMASTER,25uP_eXotRk4MhPLLQOwcQmteHs-5zbsbY8zHDmaSOBMBuZ9t9WJy1XZvg,빵봉투,615,290,263,0,0,1,0
505,GRANDMASTER,trQGjEFJfnIFcNHoricdSJobor8gei5KVNwmAaD476UAjCI,BRO Ivory,923,731,698,0,0,1,0
506,GRANDMASTER,QxZC6K1pb3j5XkEq1KIRJmOxcHu0ech5bz5HUipK1MCGO7CypWj6N3_LDg,라데시 너어,626,219,185,0,0,1,0
507,GRANDMASTER,1XG_cs0028Uhs2kLQqoG9qlPJ-cGSqQ-GX4hzzbQZLzMfda9Bp9DFpwbaQ,마문마문,694,692,646,0,0,0,0
508,GRANDMASTER,DXC34Ztp78Ii4gixJaeUC2RQDIas4y0yBCO_Xa1M8lF6Q-55swFbuYQlsA,bilbil84074,616,160,112,0,0,0,1
509,GRANDMASTER,q2iqcEbIzQqy3jE0xzJC8jeHT6g_-ZzwzRaig5YwvGyIWGYBx2oGHXKDmA,진주 이민웅,768,364,324,0,0,0,0
510,GRANDMASTER,ZfCHRvdhNkgwwKhzdDroCNFU-wVrT_JOBW4Kr-PM1ml7hIm6FvPaxutdVw,여름을 좋아해요,735,457,403,0,0,0,0
511,GRANDMASTER,UIVQLoEbyt2oGeMIvL8z2aUvYQDZyYu4x863APcASToWkb8lyqfSEURqjA,Mar 15,783,368,320,0,0,0,0
512,GRANDMASTER,0-Pve8VUFaLFwJCnlLVFSrHzqlvYhhr4edDOMltMiRQR6yA,렝꽁이,842,334,298,0,0,1,0
513,GRANDMASTER,ZqF_utNZAanYMXzTdsF28WPog3P9ydCWRgthmyawx-VcnA,89P13 Rocket,723,321,282,0,0,1,0
514,GRANDMASTER,1OAvvCAIaf5AOH-L_QXThhuBwGgpCXplwbVzEVirP19qpA,95크라운,655,127,94,0,0,0,0
515,GRANDMASTER,vOi72yft4TkxmZ-Jn-KkHXa-5FDhG-Uvsz5sYEdUYYoW05E,쌔 DI,673,206,180,0,0,0,0
516,GRANDMASTER,9fQ1_rrdRpfgfGxkZDnL4XCP3bcDeIcmJi0zLRH7oxfGpxgbWn2WEfKz9Q,Allo1,656,543,524,1,0,0,0
517,GRANDMASTER,RYPx7BkbpWsRvzjUFpwEv7xlyi6G-6yeROU1Dyc2uvatoI0LRPC4fK8Isw,baozaopiqi,727,422,394,0,0,0,0
518,GRANDMASTER,s56csf6bGY1QXTZzrhwpHQLZnJpk6lkbgpeaGEPbTmonLVo,멘탈잡자으쌰으쌰,657,459,431,0,0,1,0
519,GRANDMASTER,CvEWY5vg3W-Q0pm8a_Mq6nrk_lXlS8NPil8en1XAa0s8Z2QYXsoKx9i5IA,차슈가꽉차슈,803,207,157,0,0,0,0
520,GRANDMASTER,oZz-VOeBQraPXqkJ8jWzsGeUhL1pHcBagC8KrHAY51r0fxds9wM3eSsryg,Like 1999,751,306,277,1,0,0,0
521,GRANDMASTER,7DWWsGcJfvq5vpabTVIkREz1XscTfnHDOxNcDnLvEvXYk5t4lwajwXlbOA,얼린커피,626,197,146,0,0,1,1
522,GRANDMASTER,7cxSqvHcQeMnRA2R7LX7uEhNFizMU7LL62hwSIBvCqaLGCE,unhappy i,652,148,117,0,0,1,0
523,GRANDMASTER,k3o_DRHOcqvPDj5tOkHmxzoL5DKvDVEoomfQ7vlOjCpUE6rqNOvgC4NCZw,배를 불태우다,780,298,254,0,0,0,0
524,GRANDMASTER,CvibGofG-TFyOignxPFUK3wvo6C1FncTJgbMI_kRCfzqS4I,lullal,627,194,165,0,0,0,0
525,GRANDMASTER,v6Fb2nOqIK3j6bAbjRLOB7BpWxeMA-PlJczdrMwI5JYplIm4hPGoZvdfyQ,THE 1116,693,388,353,0,0,0,0
526,GRANDMASTER,5XDsJjvx7DrbA4suREK6vXdGiKgBkNFlg2FYgwVHBox5IOtZE6BvOdt1ag,asdsgasdfgx,774,247,208,1,0,0,1
527,GRANDMASTER,crtTGVwoo35fw4Zu3N9CILWRunlAewKQh8ArG_kxgLkUlz8bh1ub-ZTCzw,눈이 보고 싶다,785,232,206,0,0,0,0
528,GRANDMASTER,zY8AbbBZylqG5k-2OwyOiFclXh9qhEHPl5JWTOuj6nH3538,huya xiaohao,814,162,93,0,0,0,0
529,GRANDMASTER,QkjcbszNR41EwQ8RGd_kTSuJylDXTcB2TtOZVlhNSaChlEcuRKvGg-TUew,23btc021,774,104,62,0,0,0,0
530,GRANDMASTER,05HmRT4fxTWjZyRtYVjKjD4ywZxyfSKvRBk7P83OyETEjmo,뇌 녹 사,818,451,417,0,0,1,0
531,GRANDMASTER,L0dt8hBmBqK30wpJwoKsfX3wvc9IuR69BKVPH-2PdIZtzrzx0zjjG5le7A,jlrpajcsadcdsz,865,259,190,1,0,0,0
532,GRANDMASTER,H4sOiRBli0qEkhYc-0n5Kf-UsvQI-oQfhI2IgBz6EauLt_a_HDfIlyh4aA,cozy christmas,752,408,379,0,0,0,0
533,GRANDMASTER,CGq1jvQSW2kCwaGcN98w3Tor5ZI2XCiGD7lWXhXVQFua0w,새하얀 thigh,662,374,345,0,0,0,0
534,GRANDMASTER,EKcDmOHJ5sfNo0ZzE1wmljrsOCyEUMMOAa_GffBOhBOEU54,DARIKING,760,193,164,1,0,0,1
535,GRANDMASTER,PrUHOY00uujYC_GJoBtWbz5W6JlvP8DxxTe4yAkIkD8JjpQQrSZ_AVdQvA,수수한수민,889,217,169,0,0,0,1
536,GRANDMASTER,r1zknnzn5BPmvtSeSNDslL3ph9z8sQeVUFQj6pAR6UK6ilOAOYG-VLHfUg,hsyyds,801,173,104,0,0,0,0
537,GRANDMASTER,r1dsqkPZAoMOWkcEy5Fv2iPRImVF7NHlgESmq8CdNpBlEZx2-NkcM0VAgw,커비 고양이,631,195,150,0,0,1,0
538,GRANDMASTER,szhS1VQ4Myxaj-LDug_DvMcFyNoXFIU-1g9mP6-nLvg3fw,질 듯,647,236,213,0,0,1,1
539,GRANDMASTER,gkgQjhBaNkPWKBU3Tora8JD42s2FCdUGVnwZhjUj0rrRZAtHMY8QO7Hi-w,ycx,815,371,340,1,0,0,0
540,GRANDMASTER,2ktfBzz-_GHAin4qJpLxpdE04u3Yqw1WlG-rZF-bno3ZZVmVlbpt_wWFoA,거북이 길들이기,874,236,190,0,0,1,0
541,GRANDMASTER,0DDTA6pV4syxvjZcYiMUyzxKlCCiK3OZglnhCrD78g_Dya5z6PEKozn-KQ,Isag1Yoichi,714,301,248,0,0,1,0
542,GRANDMASTER,1aIcYAYnrjkoCseYdXh__xaYaZNFbKnjNnXbZJxRnYiSN5Y,스라맛 빠기,615,195,170,0,0,1,0
543,GRANDMASTER,Bdi17egWAvwPFC0FRKDcTWrElUluAfkgBwpDq7XtJofeAys,hhhhbbbb,865,344,316,0,0,0,1
544,GRANDMASTER,1DhAirOcXDehvpx_DrbZfhqYh5u2GT7a5WaOt4MC8G2AcA,잘살았으면좋겠소,618,161,135,0,0,1,1
545,GRANDMASTER,puDCL0CwfM0j4xOEi-YYEAc-4b_u7qEgciGn8XjkTBor8Iv49e3P_QTF0Q,Haeoreum,773,295,252,1,0,0,0
546,GRANDMASTER,OFRxeVjs6sYixTIcffLi4RRVhj2aXm69_q_afhXQUfPBTiJsc0savQD5Ow,오골계닭다리,672,180,155,0,0,0,0
547,GRANDMASTER,s3bOGi9YHihF0Riv94UC-4EfHYZQNAA27PftFKlxvM4_fcE,GGA Bean,714,419,395,0,0,1,0
548,GRANDMASTER,cTWIJpQCMu5PoRRCJOEPZk5SG9XN5i88IR74HJW5A4rHvQ,먹무륑,925,299,223,0,0,1,0
549,GRANDMASTER,FuujVuq8DJ1yqyyrWh9aqqyG9WgqdsoymlUj9BR8AGSOIDtE,DK Thanatos,806,420,394,1,0,0,0
550,GRANDMASTER,XVFo5_aH3DIquBBNSy5oA1-LlDhCSYNqCKnz2RZvFKkdPpY,응봉산토깽이,718,231,200,0,0,0,1
551,GRANDMASTER,XVNA75d_ZRo9BJmX7qRBC6el2KuoFcki9mns6_qBQhJSaXB80tC2AB1Lmw,23btc034,661,132,98,0,0,1,1
552,GRANDMASTER,H9ctRzK5wALev_Cdapdly8kGykL35dE6mSu04VhveHOzEQ,CHOEM,635,154,129,0,0,0,1
553,GRANDMASTER,nh44fEqt3CVWi6nvpSusfr4w8htGSBZAx-dfkc3hy9zVV22aZJdgvoZTSQ,솔청잇,704,322,302,0,0,0,1
554,GRANDMASTER,DaPrALcmm_xPpFXqyERrv50XoeZlRsRxb0LYF_cSxhBzcv0,햄쥐의 볼주머니,832,186,153,0,0,0,0
555,GRANDMASTER,GJ-774vwTsK9-yfnuYipJdvGoyaZMKPKcHOLx2hvr3e6hQ,콩알탄콩콩,754,180,149,0,0,0,0
556,GRANDMASTER,l9RWMiooC3z2v9yzOwByfDXKNEw2038EdkdQUBRrNYYQDKYododiOuOq5A,Fiora,634,343,314,0,0,1,0
557,GRANDMASTER,gLtQ60-j6V_uO1MsEH-sw6WTvMaY7KdLinXIcCPxXNltmKg,CrazyCat99,768,414,371,0,0,0,0
558,GRANDMASTER,MRmCXAcsfbZG3TszWxpHsHvfJNsxcL2psy3OQY1sNsRy3w,OLD SICK,756,253,210,0,0,0,0
559,GRANDMASTER,sAHvc6ylvZ5gtgT5RLg0GlywCO2a0e6qhWEkY6GdQ_0Xuno,Lumen AD,859,108,72,0,0,1,1
560,GRANDMASTER,nonqlQ8gfMszQZVKqTnkfL_-NL9saNFlO7t4jzsBDjtOYyNW0wGdj92Tzg,jidqwlitydau,611,170,135,0,0,1,0
561,GRANDMASTER,_wJ-GMnUqpj_BykYrLH5qKDY1LrhGh1B2DDbNci0Brc15uw,용과호랑이용,814,263,227,0,0,1,0
562,GRANDMASTER,daeGjR0ViLi9owUqV3AZaI_QASL5HNK77UztELYWrL4dOo8,초능력특공대 쉔,563,749,724,0,0,1,0
563,GRANDMASTER,St-kEL0Ckfu6MZfth-KfJl0rQc3XTvVnwlU1j72LiBGoAiFeUfojRIqGFA,미친아,753,161,105,0,0,0,0
564,GRANDMASTER,eNhI5M3H0osV0zDG4PkVhgmORuS8NPDo-eG4afzVhFVTdNswiGQFfuuAoA,cwq141,614,77,19,0,0,1,1
565,GRANDMASTER,iegJCIZhQQAnNqs1j7y7sN3YfQvH66xCFKaRfJALGOFE8ho,강해린yee상하다,638,197,163,0,0,0,0
566,GRANDMASTER,h7pbrIhtzJcmvdmkcg6ax9liInNZMEoicJAHV5Apfc5yrpU,woshihaichao,797,264,230,0,0,1,0
567,GRANDMASTER,tjyVqTA8YScWUA0yIHqW-XzFRGwggpbGFpYXZmK_R4FzCWQ,zhusang fuzhu,526,101,63,0,0,1,0
568,GRANDMASTER,znSGD-9b1amuUR8g0MAIcJJvq5-6JxzLZksA1k5r-PJKww,Evil lin,780,80,38,0,0,0,0
569,GRANDMASTER,zAK_OD2TXwFOqlrrg-V5IZ2IBbvoCdLpomMuRv7QvK6HGyU,Daehu,674,432,403,0,0,1,0
570,GRANDMASTER,4NMoNwv54H6-K6z_SJPGtqHhUssTZpZxnjVW9G1xIKI_mM14H17NPOoG1A,yezy,876,127,71,0,0,0,0
571,GRANDMASTER,GuOg1ZP8emHLxhm33XQ-RwZBpfsvNETrD-ijrS1wLD186SY,역천괴,617,250,221,0,0,1,0
572,GRANDMASTER,PBQfMUCuqGbZEKt6XJ3NGFIF-o7Dp3CUc63YrSqeYPUDpU29vVyPiRA77g,NSIire,613,298,249,0,0,1,0
573,GRANDMASTER,gm2Om92LudVFFMNO3Vdcp6wh3uAzht7z9kK2N02UrBwBZw,아픈척,679,156,116,0,0,0,1
574,GRANDMASTER,8_dIO9kOikCWg9KE6IzEQSZqfch7Wjmt38Z9Wdzvm9XRz-49qSLRRe_QGA,zui leng yi tian,641,244,220,0,0,1,0
575,GRANDMASTER,h_Pnq1mOSlWfgidEtU2uVfWoAcXpE2CHPtq1p_akLVbGL5PHKfTpizawng,choice2,702,217,188,0,0,1,1
576,GRANDMASTER,1FtP1HkazUMBbu_MvIQkIlL-kdbjmtuZ-gBqZLXMizz_78M,솜 콩,704,267,239,0,0,0,1
577,GRANDMASTER,MKWRvDSqb9Jtzs7LgpGdcFGXH52UrpoD_ILeEUv449uc3LZBb8IMAWhMog,또 한 해,622,350,326,0,0,0,0
578,GRANDMASTER,c_XVvF0_19CDNJ-qI0c9M-O8gY36UzAlT_WLBZ62q86Wcr4,디알엑스 파테,898,249,208,0,0,1,0
579,GRANDMASTER,yPg_Ebw2Wi9i_WS8lvPHlWAiX4kyXhwdr0SJfvL9hQA-_oA-,정점의 피지컬,642,456,421,0,0,1,1
580,GRANDMASTER,E9Ivt0GGsaQ_B8FFt58-s6GcGoBuymJyfilCivrQjoghRw,Happy Cats,654,464,442,1,0,0,0
581,GRANDMASTER,bQTzBEZHTCbswtWuESclpr_6rGFcAnyUjXZj5PPpEzj9Lg,물다이아,620,192,171,0,0,1,0
582,GRANDMASTER,443ijwSZaYn14UOHHmUyDIUUUbzTC1BgdIFmcOaEEUWVRUg,TimeSound,698,128,88,0,0,1,1
583,GRANDMASTER,Gtn5LDTB-_-MpIWuArI89XefbKlW2xCEkp-WlZkAPyAptwq9hbkomdrnLg,출전을 신청하다,902,287,217,0,0,1,0
584,GRANDMASTER,ZciefaXUjyjQlHrm7_FmyVXLybfgLlQ6tIvjeEJbY6EUiq8,Som is cute,891,239,198,0,0,1,0
585,GRANDMASTER,wjkpdTXuiOZUZfTiF3k-BDumIhjlSLc2mhT1vCLv4iIaGQ,낭아극쇄검,415,608,583,0,0,1,0
586,GRANDMASTER,SQAdP70Pf7s7ZXbkAP7zAOA4Pf3TVhVTVyzIoaaOKWRPZL0,BRO Hena,905,496,463,0,0,1,0
587,GRANDMASTER,SQaAofQKhlWeS7lX3ANMDPMcg6v9ZIOnD98Bp9wb2O2YajA,Bye Babe,616,448,417,0,0,1,0
588,GRANDMASTER,g2ER2Oii-HkNh3bjqkncbqu4_QxfrSwRTCXgQ7HYyAIb0Hc,아라드,673,448,420,0,0,0,0
589,GRANDMASTER,r0UGb4s6SIkEQVYfiMmv8Rqln0uRSX7Lcs6qcVVG-lvKzO49Xdgbo94e9w,수요일은다먹는날,736,277,243,1,0,0,1
590,GRANDMASTER,1wAs4JcN1mJPLWHK-bnujHSjCkwuQKuKFRPYb5ffvVP1cm0,쟁구쟁구,713,276,254,0,0,0,0
591,GRANDMASTER,O6KH0OeRw5_MTqJQsAmqPfQ7AL30_589QIdVu7YzHmNFbkE,F0rest of Time,913,434,403,0,0,1,0
592,GRANDMASTER,QjOJ_HzPabOMpmYNack1VbdB6RNwgE-4SeHBbyyColRN__w,Mocha,672,145,113,0,0,1,0
593,GRANDMASTER,lXn73hsnTkiLoTTvWmBJTejzb4GTA6C7FWe1_LSIYym7hKc6,nfof,710,132,98,0,0,1,0
594,GRANDMASTER,_z7MVHyu05mKHM4SwRJPXnHeywXG8MsMFAKf_GPq2PpTuuI,무지개 보고 싶다,820,217,166,0,0,0,0
595,GRANDMASTER,2D1E5LQzJJt2BCIYp6RRNkyziolqMX8na62ItopPBgHTipgkXPar_l1pig,xczxczqre,778,137,96,0,0,0,0
596,GRANDMASTER,yPvw8S9IK1xAS1kba_Mn1Ron7jo2wME7c4HDDBX_LqXO7LewXwDGJB0Ozg,a weak person,784,239,197,0,0,0,0
597,GRANDMASTER,BOr0PpcH5nkkJA_mX_ky5Ziq6meu10OWTOrUQoVTl1fvK8rg,디알엑스스,680,196,171,0,0,0,0
598,GRANDMASTER,UgMB1ckupgFBecUTiPfj_7IW2Q2cpI_vZ8Yu9oW-eAR-a1I,GABUNGKlNG,867,396,364,0,0,1,0
599,GRANDMASTER,Z6pKQIZHGb4ZANFN-_UhsmkDzghy6RL8mgXjw9PoqowMjbtKNrepB5Bi0A,godqhr,571,840,814,0,0,1,0
600,GRANDMASTER,lZ6f4B-FH_WnD0KOIWSX_RSBVny5fBn-C4DvS67iZ4x5CGUMqevcybaIeQ,Challengers T1,869,176,128,0,0,0,0
601,GRANDMASTER,AFHo2ttXsd0xuvAgzkL8nmzNN1MSiDsiKO1u34inL9rjhj4,블루리쉬잘해요,638,156,124,0,0,0,0
602,GRANDMASTER,4uBpr8fRA-ETeeZYgrTnWAdoj53K-qct4zM9T8vJK3RB7h38vJc3N_mQhw,fei  ji  jug,834,259,179,0,0,0,0
603,GRANDMASTER,baQPYlKmdlMaMaL8MTV1BqIZ4rj2utnRtxowL0uLrlS_6sElt8VfGHUoug,xrzs,670,740,690,0,0,1,1
604,GRANDMASTER,nQ610WIl3aAR9NWOSoWxYFp-wCY2zTmaTkTfPWUhNT6CyRfleLn3bpETQA,Kind baby,661,241,180,0,0,0,1
605,GRANDMASTER,xO8HX6J-5G7tD--5vrhtNRzcc3QxQL9CDbVwdiVqpqFRXcs,조관우급 늪 설치,922,237,188,0,0,1,0
606,GRANDMASTER,FV4dT-0PDh9SOqoto5x1LTkjVVwrUgGId5eWEKY9ntMgtMQ,Life1,864,260,237,0,0,1,0
607,GRANDMASTER,Q1jyPqcYzshu4EB6zzcKZ2ELJ4BxE2RBGlLf-kEpy_Re-xGE1TV4wuTd0A,YILUDA,861,205,145,0,0,0,0
608,GRANDMASTER,mWryU9RYwKDdOIJ6rLDWHlrbL3RShOVXcpG6c5hkedKW0Io,이현 스토리,622,234,200,0,0,0,0
609,GRANDMASTER,UypSeHpC1xEJzL0x26AJfksfOsRCyThCuiFWDf99LhS9MuynS1efKuR97w,민식박 제자1,619,514,489,0,0,1,0
610,GRANDMASTER,CyUWBt53_z7VfuVwBCfS-HOTWaMWFRj_APv00MTxOCbEWlk,코뚱잉,619,837,798,0,0,1,0
611,GRANDMASTER,ZiCPozOOONR0bUnhxQPX4H86tnMzN2dUtzSSDRUuzyGmcndUrcMd84ezMQ,eggking,618,229,192,0,0,1,1
612,GRANDMASTER,9bynrfKSNImPfuwcQFZx-I86NbEZE4_cLZYGMlX7S2wJxogxy3vwxcqisQ,SajiaoBaby,897,152,85,0,0,1,0
613,GRANDMASTER,uMDJU0SYxRdvWmdM4vin572s9PJMMPlc8VqL4sOm4rY8Mni20YCjHLNgaA,이잉하지마세요,676,544,503,0,0,0,0
614,GRANDMASTER,ylLGfVoLVry9pCCKgH6UbPCW5PHemFnPSwvJP1WW33_tC9M,미스포츈외길인생,664,570,556,0,0,1,0
615,GRANDMASTER,F5P3pNNAFuvQD-LsFrQ7vtBjQyueo96k5Jd0Pi1MwNwXN2I,qingshu y,906,301,238,0,0,1,0
616,GRANDMASTER,P7HRSAEqNiUFZRJzKryiMt6Ws-613_8wajuOUad7pf-SDOo,fkch,781,477,441,0,0,1,0
617,GRANDMASTER,G7KbaaOf4OYSUmElaDPFMdyMAFyOFByA_jfwG4Qks01sTDhwMxyW3lQ1lg,핸드맨 성형했다,732,296,265,0,0,0,0
618,GRANDMASTER,Z-7R8NmOJq5VQcgGJCnmPOpHfHuum4oARuO9T6BS60SA987JMMyg1TmTdw,투정꾼,757,310,274,0,0,0,0
619,GRANDMASTER,wWNJYx-N5TxuvEopF_a1T99fX5osiogjBUK0vqzpfGco98LJ3myGPUcVpw,dsawqeq,674,218,191,0,0,1,0
620,GRANDMASTER,cms8Vy3Wh3BRSVNSjDJh6AVuAQ4RhrPXmHWvdGRut_7t920,예 샨,806,197,159,0,0,0,0
621,GRANDMASTER,Qs6bfkOmdp8gQDpppiBSWPbqt-FHL18bkZt-IwMZLsA70aZgdXLWKeL-lA,푸른 갈대,842,469,437,0,0,1,0
622,GRANDMASTER,79vGgCx-HI_93QLkIRS0WxxMCJnJmM1N4mPQaXCBwqLDeEI,파랑바다구름,612,219,181,0,0,0,0
623,GRANDMASTER,jnC3Mdxuk0sIBgSrRVNDtDpMVxpWqJloPLhdSVnnFcJSCjne8aNmvzIAJg,3성 라칸,619,143,103,0,0,1,1
624,GRANDMASTER,JW_uYW8pVSzieY9W2BOKs5kGLHxsM0ARx5oy8bJ87wdRESI,호잇이,784,233,211,1,0,0,0
625,GRANDMASTER,bPWzYHgju-KOp4W8I0LViRC6esi2T1qfEepSNtMKhYRRcHl-jJM-oAyBcg,현지인11,624,286,248,0,0,1,0
626,GRANDMASTER,EiKZfucXLphs8w2CeCD5AW1cN0kFjJqUalrasASTO-uaYS0,국밥좋아하는혜지,695,151,109,0,0,0,0
627,GRANDMASTER,OmON8ztLT_Aexdmq49Wk7Hk3rWD9HCDrxtkcSyHNFQqI4a0,alstlrqkr,715,358,327,0,0,0,1
628,GRANDMASTER,YtTvS4Ixpe2LsK2oVdkMb0xFKwtnCaaIiPjcX-TN2wegs-4,아니난피망싫어,879,117,83,0,0,0,0
629,GRANDMASTER,N322XGx9rp7rVNWJWjnudDAlri-YW7cKSNyp30nu6wLZWA,정글오공 김휘인,760,647,613,0,0,1,0
630,GRANDMASTER,xyefsg5oVvWyr4prA23x1Z9IAtVLKU8t1I2SqFQympQbpMk,러블리승원,693,71,32,0,0,0,0
631,GRANDMASTER,P1_wrPDIYbram231ukfye7ruZHsN2z0Ngx-vOFPzoM3O1t0,Incheon meat,695,278,248,0,0,0,0
632,GRANDMASTER,36vHbM7IdmWRMiXEjoyszsGidmxdEgDVBGYy54q56kdMY-g,쿠 리,737,406,379,0,0,1,0
633,GRANDMASTER,ReQr-uQUVwL3sONU44dNEj40KUOp-ZUy2iLX3C6_Zc_R4_O28V0R6Pydtg,아쉽게도 만약에,645,204,178,0,0,1,0
634,GRANDMASTER,wpb7PZTEwaqcJI7xUOpFAYomZN6NqcKE935K0NwrTfaZcYMT,Mg m1d,802,435,401,0,0,1,0
635,GRANDMASTER,4BOGEoO3LITd9ziA8UJtvaXTJ2Mg4doC-N5R-BF3db8IWwM,읽씹맨,783,264,238,0,0,0,0
636,GRANDMASTER,Fz-ieO_gobMvaWnAbYiH562Z35NNLUHzOkWm0xA0U3s9wHfpPskQ9FgeRg,wOxinkejian1,656,427,410,0,0,1,0
637,GRANDMASTER,Q6_UPy_jyELOAhJ3Rtr45UQA97eyJvBEWatT6c-sQCiXh_OB,마라무,829,476,444,0,0,1,0
638,GRANDMASTER,dwbH9NSKrySny2Dj-69O8Af9rg25SFhB9k-SRevqBohC4vM,못하기,648,566,548,0,0,0,0
639,GRANDMASTER,wDZugXe46kNiHDEwXWpeWGxnGqxOKqOKarvgqx3MJUzI9XS2Y7d8riXQ6A,qwerr07,716,361,334,0,0,0,0
640,GRANDMASTER,uqddgW5WAo6IFMnK1WwJIlnBJ-rXVLtsGigx933mN-bOSIk,JaeYounge2,771,87,54,0,0,0,0
641,GRANDMASTER,037O1A_fniALLD9Bldn0HypM8sDzYTdYSju7z1EUaomYGjZC2ARtth47xw,Mishara,712,339,310,0,0,1,1
642,GRANDMASTER,IuT3d-kvFFfMYek-d9_v8rclrT2tXGCbi3o4Oe_LWrrsL0zL4jKZXG9CTQ,아버지라고불러요,656,271,233,0,0,1,0
643,GRANDMASTER,FsXZDh3r5fAfMxvF0snqDLSLhpZzGwkp8NwuC_JsiWGEdw,신 격,613,87,63,0,0,0,1
644,GRANDMASTER,T-NSaIGQQlQyBOAETZDPjBPq200Ewc6OO-6UHpGr3nBZ3aQ,Ranger god,636,309,287,0,0,0,0
645,GRANDMASTER,qHOVpI9NJ3Ryqbb5FrBsXDhAxB5L2XV5aEZEIrUBZ5UZGs0,DK haYeon,722,326,293,0,0,0,0
646,GRANDMASTER,W9DJPOcHYrmJMR5u4dsVXQJ5N9qkLyMzGV-RsGz8yU-nldOhEiqNB1AtFw,원장 강승희,907,95,69,0,0,1,0
647,GRANDMASTER,TOWtRzs9uRxOIrzhTXsx9AUwrKgl1GyOEJG-aCI54z8r88g,DoJerry,636,391,364,0,0,0,1
648,GRANDMASTER,Iq0_Zttn-lYFbraVx79taL0hRGrcUkKpxfYABgJsJvjFUBNuWwOabmGY-Q,zhaozhaozha0,718,259,217,1,0,0,0
649,GRANDMASTER,Vri_wB5Ht8DAl1bHiFxt5MA6NtCtwuEysuJY72cyLTaHBfVt,한낮의빛이어둠의깊이를 알겠는가,676,179,142,0,0,1,1
650,GRANDMASTER,oi3UKGpoD3U5XsXQ6H5WOa8vh4JNeB2X7u6l_RbFYZWOiw,흉내쟁이,637,215,180,0,0,1,0
651,GRANDMASTER,ODv7rQ0udL_vq5u642I6Vnf5sTmhsJBEhc3UjaLP8uWur99a,한번에깨워주세요,755,131,105,0,0,0,0
652,GRANDMASTER,wBNjF3KwPMk4KwH8wUoPWLQcESSZRRgFp5_AiBRa-LyNYvHvxLzT4m8ihA,Dalinar Kholin,479,165,119,0,0,1,0
653,GRANDMASTER,bB3ABmpM0MBYSthw4CKwfKju9FAnmcViGFoepUxVZULw9qF_xYv8DkVRSQ,지오디 촛불하나,725,337,312,0,0,0,0
654,GRANDMASTER,fWKE90OjmSTJrj9enJFztJ2qUi7Ms0F2sKPS76OF5jVBaWQ,ZED99 XD,877,385,348,0,0,0,1
655,GRANDMASTER,W7eHK0g_sqBhLVjZm4T9M5vrY5SmZGujBuiJi-HZ2cW4-GM,벼릉아,828,137,100,0,0,0,0
656,GRANDMASTER,s1RpB0p-Svnn3-jxoWCt6d6mIfDj2bBYoPzPoyj73BMh2Jivm4yKozHjeQ,FatTigeeer,683,180,119,0,0,1,0
657,GRANDMASTER,9oOlxzdPQ7vs4rKCoCGuUop8WYUSorMxGvHDFmh_iLUqWB78tNxWO8FXbQ,무엇을1,656,121,72,0,0,0,0
658,GRANDMASTER,IQgoJa427Vjo7jxfdYoIGgNwOkqfZS3TdjvJgwqIC6G1l88,xiaozichen,807,232,166,0,0,0,0
659,GRANDMASTER,AaGxtoygo3zO_vbbMLIyiw_vyYMsQGXjEm5Pv20kv942nK4,fundamental,622,200,175,0,0,1,0
660,GRANDMASTER,81NPP9oysoeh7VvdtvSb8TN4PG2h8qxhHciUvbKc0F1Kbws,손덩연의 챌단속,773,217,181,0,0,0,0
661,GRANDMASTER,dULRATetvCA7qWT3VxC1M8VOtPhb0iLP4YGRBwVx2vDFTb0,nathan drake,667,328,253,0,0,1,1
662,GRANDMASTER,KrMy4uEAdXl7LwiSVY4hl6C-aITu-U85Cc7A_25xJMvHgw,GG River,649,238,209,1,0,0,0
663,GRANDMASTER,_95eMQDWx1pa-2mDQ_Z68sYDTyK-InPb_tWrMfVblIlr0Hg,Ying min,690,102,69,0,0,0,0
664,GRANDMASTER,K-5InEXVlzv21siPys-JPyw1NyUTdhhWLP3Uln867G1dbZg,숟인데요,733,85,56,0,0,0,0
665,GRANDMASTER,GOszXDGDeJA6QIPvld2FC-yTOxcNVShnPXEeoa9uULRfAaEpFULg057Lig,duodianzixin,665,373,346,0,0,0,0
666,GRANDMASTER,OuIe_Sxco85OFK4orCJchr4U9mbrW7Mms3-j624oW9cKu5oi,XXFNK1,709,328,288,0,0,0,0
667,GRANDMASTER,CANw3Baa7f6LNkAfGGL1-GNkpgSb96GGntyYOebjdy0oHAk,O1nce,676,379,348,0,0,1,0
668,GRANDMASTER,IRnmYBllAqow7j3ItCoTxp17Ysco-BhcYtGKvcH-i2n0gy0P2WDYWVZ0Cg,1ooc99,771,269,234,0,0,0,1
669,GRANDMASTER,9mXIJ4uyAcwKCMP2HMRbHo_Fw4hFaoUQNJNe9_B_7RvPcbY,Jerrya,612,682,663,0,0,1,0
670,GRANDMASTER,Oj2-Sd_OTJyu6oukttVjpDXIA11RpGqEqzlAtDx635nc29Q,짱해커 주니어,725,97,69,0,0,0,1
671,GRANDMASTER,oyXU998b0iJdx_PVC8f6eLpe7nVYBdVhySEspcQYqaDy-LE,Gen G Ruler,624,250,218,0,0,1,0
672,GRANDMASTER,dnGhMmWZ08eiMdOfACR1PG5MJdS4sb1TtfIPPJeAuFoFDBM,저 높은 곳으로,619,598,579,0,0,1,1
673,GRANDMASTER,eJb3CqrPZBdafRq1Kmhw9fzPi1prJSKdISI4y1Je2WwdHHU,오도독 해삼,854,239,214,0,0,1,0
674,GRANDMASTER,5qLYc9aU4e3uGKxQasOqs4svElotV7XEoiIYp5zlY2wsWY5RwRSe3EprrA,내 기억의 파편들,669,229,191,0,0,0,0
675,GRANDMASTER,n5sPVcYaogN4Duz7T0t9bH0GaMNG4fKWSDGpOi4MIFEjjbE,밀가루보단쌀밥,830,521,486,0,0,1,1
676,GRANDMASTER,MOz3kqkEjIp5L26gfa3PMiFNoatTgu4ugNfikRpwYjLV092XHlMwcmvT7w,ADC0315,918,204,126,0,0,0,0
677,GRANDMASTER,owWOEJjPJr_Y8Fg2K6f1zc4tjFzkv1YpYMYjc7N67bqZttULfJ98oVKGiQ,krid3,642,136,88,0,0,1,0
678,GRANDMASTER,vtd7DGBuW7ZuT_-PoLytH_dz2GDkyQZBG_vi7QeWh1maVYU,TlaRay,685,170,144,0,0,0,1
679,GRANDMASTER,k4xAVULFb7FxDPJe9nIXGCrgALYcY6aM_3InrzuvtTddm_8d2kisDC9u8A,bhyphgn,665,116,77,0,0,1,0
680,GRANDMASTER,7OVVYeJPrzD5hhe593G4OnvNfYuEeqkzDxzP6eN7rHuB7RE,KOI ElmiilloR,620,403,371,0,0,1,0
681,GRANDMASTER,DrO06STGiqRCu1a6cw5kOhrRaF2tx5kkbYQ-ydEEqfyAMok,숨어숨어숨어숨어,707,1080,1045,0,0,1,0
682,GRANDMASTER,PyURnhsAdLf2FBKChFcdFSLsjDv7M90OsU5MpKeXunWXEGA,Nty1,867,215,181,0,0,0,0
683,GRANDMASTER,t-Wrtfg9RXE_UpR0FhhSEv2e1XA-oM9xy1XYYYYuMht3SaXX77NyMdfxfQ,zczzczzcxzz,928,215,140,0,0,1,0
684,GRANDMASTER,js27ahpAn6aVEqLPBUqFO-CvuJjhpmClvA-3-0Yvhq_LNX5qLxKpHI_mtA,Just go to win,695,263,235,0,0,1,1
685,GRANDMASTER,QIU9MrRG74HEV1z-91ArQ54AZwiGFD2d_jGAQOJkTUjEzwQ,Staceyzzzz,818,186,141,0,0,1,1
686,GRANDMASTER,jdpwOr0b9V57uhP1zLnj1L1scK_yeNznqeAcguY7Sq2n9jpvdWI-5kF0vg,NS CaIIme,658,232,198,0,0,1,0
687,GRANDMASTER,Bn52hdw_CW6LhPLYdNgIc1pDQRoK1gsjKpjyJ1zXzJdKma-837UeyAIoNQ,CrazyCat88,660,517,484,0,0,0,0
688,GRANDMASTER,5Bmiw0eSlLwlKvbJWLpHKorCrR1xeftdXfXLnpnWcqH4OIBY_tGPEGrfmA,Kiw1 doctor,730,393,361,0,0,1,0
689,GRANDMASTER,bS1IHswjTWb4LF0ylgSdYoswiSb4Ick6nJ1xV0ojDAw4LNI,FAIRY0730,646,168,130,0,0,1,1
690,GRANDMASTER,O5mldKb3C0rbqK2g6lCQFXUDJN9xzgJUuvKtjJJ4IBS1s5xcfHp2tZfNfQ,huan ting,622,186,142,0,0,1,1
691,GRANDMASTER,zlI4E8k2u7T3HHPYFRI1FH2TuZOVVOcOC3Zae74WsKa2rvMWoc237WfmnQ,Twitch익산누누1,889,290,255,0,0,1,0
692,GRANDMASTER,OAmgQHZ37zjFZDMwZzmAjBEA-nwBIHXxVPiAf8cia3fStdFHMVbi6t6iaw,Love Melon 1,632,73,42,0,0,1,0
693,GRANDMASTER,5AjVUhZs7HkXwL6gv7mJRP4C6d9YKXSYmOGT7sgKL4chaXA,노홍철의 밀라노,638,331,301,0,0,1,1
694,GRANDMASTER,PfgXRRnJTNIUyhRxokfKuz_sHNajyxkygfM29TZqfXOZ9mL_rKNnVydMPw,CB fan,621,209,181,0,0,1,1
695,GRANDMASTER,ftPOwYyClIhtnqXcZMuLgX2KBIkMmw0nIKKuLzX375emzHQ,Sereno,624,245,220,0,0,1,1
696,GRANDMASTER,oFcN8g4LPJtML2porIvB8gQpn4V805WtIXMFClfsVHo6N34,트위치 이렐장군2,672,276,244,1,0,0,0
697,GRANDMASTER,9yWuv7H_BKZ8PNTfSOMusnNN97VMkm8BgLMMFVKalQNKuDbkum0WrEHLwg,liulanghan,906,363,323,0,0,0,0
698,GRANDMASTER,WTxva8pipaG7hJbvYxEOZBiWMMlyJjhQAd8_2xem3C70yhGuT19kSVQv_Q,qazwsx123987,813,370,304,1,0,0,0
699,GRANDMASTER,FrAOcMM3ixdCpk9ufENqgJmLa_m3TVbnvBjQai_79u6292ZfVjGeNkHZbw,5S0S,834,371,322,0,0,0,1
