,0,1,2,3,4,5,6,7,8,9,10,11,12,13,14,15,16,17,18,19,20,21,22,23,24,25,26
0,266,Aatrox.png,Aatrox_Passive.png,['AatroxQ.png'],['AatroxW.png'],['AatroxE.png'],['AatroxR.png'],"['default', 'Aatrox_0.jpg']","['정의의 아트록스', 'Aatrox_1.jpg']","['메카 아트록스', 'Aatrox_2.jpg']","['바다 사냥꾼 아트록스', 'Aatrox_3.jpg']","['핏빛달 아트록스', 'Aatrox_7.jpg']","['프레스티지 핏빛달 아트록스', 'Aatrox_8.jpg']","['승리의 아트록스', 'Aatrox_9.jpg']","['오디세이 아트록스', 'Aatrox_11.jpg']","['프레스티지 핏빛달 아트록스 (2022)', 'Aatrox_20.jpg']","['달을 삼킨 아트록스', 'Aatrox_21.jpg']",,,,,,,,,,
1,103,Ahri.png,Ahri_SoulEater2.png,['AhriQ.png'],['AhriW.png'],['AhriE.png'],['AhriR.png'],"['default', 'Ahri_0.jpg']","['한복 아리', 'Ahri_1.jpg']","['어둠여우 아리', 'Ahri_2.jpg']","['불여우 아리', 'Ahri_3.jpg']","['팝스타 아리', 'Ahri_4.jpg']","['도전자 아리', 'Ahri_5.jpg']","['고교 여신 아리', 'Ahri_6.jpg']","['아케이드 아리', 'Ahri_7.jpg']","['별 수호자 아리', 'Ahri_14.jpg']","['K/DA 아리', 'Ahri_15.jpg']","['프레스티지 K/DA 아리', 'Ahri_16.jpg']","['나무정령 아리', 'Ahri_17.jpg']","['영혼의 꽃 아리', 'Ahri_27.jpg']","['K/DA ALL OUT 아리', 'Ahri_28.jpg']","['악의 여단 아리', 'Ahri_42.jpg']","['프레스티지 K/DA 아리 (2022)', 'Ahri_65.jpg']","['아르카나 아리', 'Ahri_66.jpg']",,,
2,84,Akali.png,Akali_P.png,['AkaliQ.png'],['AkaliW.png'],['AkaliE.png'],['AkaliR.png'],"['default', 'Akali_0.jpg']","['독침 아칼리', 'Akali_1.jpg']","['지옥의 아칼리', 'Akali_2.jpg']","['국가대표 아칼리', 'Akali_3.jpg']","['간호사 아칼리', 'Akali_4.jpg']","['핏빛달 아칼리', 'Akali_5.jpg']","['은빛 송곳니 아칼리', 'Akali_6.jpg']","['인간사냥꾼 아칼리', 'Akali_7.jpg']","['횟집 아칼리', 'Akali_8.jpg']","['K/DA 아칼리', 'Akali_9.jpg']","['프레스티지 K/DA 아칼리', 'Akali_13.jpg']","['프로젝트: 아칼리', 'Akali_14.jpg']","['True Damage 아칼리', 'Akali_15.jpg']","['K/DA ALL OUT 아칼리', 'Akali_32.jpg']","['범죄 도시 악몽 아칼리', 'Akali_50.jpg']","['프레스티지 K/DA 아칼리 (2022)', 'Akali_60.jpg']","['별 수호자 아칼리', 'Akali_61.jpg']",,,
3,166,Akshan.png,akshan_p.png,['AkshanQ.png'],['AkshanW.png'],['AkshanE.png'],['AkshanR.png'],"['default', 'Akshan_0.jpg']","['알록달록 해커 아크샨', 'Akshan_1.jpg']","['수정 장미 아크샨', 'Akshan_10.jpg']",,,,,,,,,,,,,,,,,
4,12,Alistar.png,Alistar_E.png,['Pulverize.png'],['Headbutt.png'],['AlistarE.png'],['FerociousHowl.png'],"['default', 'Alistar_0.jpg']","['검은 알리스타', 'Alistar_1.jpg']","['황금 알리스타', 'Alistar_2.jpg']","['투우사 알리스타', 'Alistar_3.jpg']","['OK 목장의 알리스타', 'Alistar_4.jpg']","['해방된 알리스타', 'Alistar_5.jpg']","['지옥의 알리스타', 'Alistar_6.jpg']","['빗장수비 알리스타', 'Alistar_7.jpg']","['습격자 알리스타', 'Alistar_8.jpg']","['SKT T1 알리스타', 'Alistar_9.jpg']","['내가 젖소 알리스타', 'Alistar_10.jpg']","['마법공학 알리스타', 'Alistar_19.jpg']","['정복자 알리스타', 'Alistar_20.jpg']","['어둠서리 알리스타', 'Alistar_22.jpg']","['새해 야수 알리스타', 'Alistar_29.jpg']",,,,,
5,32,Amumu.png,Amumu_Passive.png,['BandageToss.png'],['AuraofDespair.png'],['Tantrum.png'],['CurseoftheSadMummy.png'],"['default', 'Amumu_0.jpg']","['파라오 아무무', 'Amumu_1.jpg']","['평창 아무무', 'Amumu_2.jpg']","['이모키드 아무무', 'Amumu_3.jpg']","['반품된 아무무', 'Amumu_4.jpg']","['킹카가 될 뻔한 아무무', 'Amumu_5.jpg']","['작은 기사 아무무', 'Amumu_6.jpg']","['슬픈 로봇 아무무', 'Amumu_7.jpg']","['깜짝 파티 아무무', 'Amumu_8.jpg']","['지옥의 아무무', 'Amumu_17.jpg']","['마법공학 아무무', 'Amumu_23.jpg']","['호박 왕자 아무무', 'Amumu_24.jpg']","['도자기 아무무', 'Amumu_34.jpg']","['가슴앓이 아무무', 'Amumu_44.jpg']",,,,,,
6,34,Anivia.png,Anivia_P.png,['FlashFrost.png'],['Crystallize.png'],['Frostbite.png'],['GlacialStorm.png'],"['default', 'Anivia_0.jpg']","['국가대표 애니비아', 'Anivia_1.jpg']","['독수리 애니비아', 'Anivia_2.jpg']","['녹서스 사냥꾼 애니비아', 'Anivia_3.jpg']","['마법공학 애니비아', 'Anivia_4.jpg']","['어둠서리 애니비아', 'Anivia_5.jpg']","['선사시대 애니비아', 'Anivia_6.jpg']","['삼바 애니비아', 'Anivia_7.jpg']","['종이로 접은 애니비아', 'Anivia_8.jpg']","['우주의 비상 애니비아', 'Anivia_17.jpg']","['신성한 불사조 애니비아', 'Anivia_27.jpg']","['마녀 박쥐 애니비아', 'Anivia_37.jpg']",,,,,,,,
7,1,Annie.png,Annie_Passive.png,['AnnieQ.png'],['AnnieW.png'],['AnnieE.png'],['AnnieR.png'],"['default', 'Annie_0.jpg']","['고스족 애니', 'Annie_1.jpg']","['빨간 모자 애니', 'Annie_2.jpg']","['이상한 나라의 애니', 'Annie_3.jpg']","['퀸카 애니', 'Annie_4.jpg']","['얼음불꽃 애니', 'Annie_5.jpg']","['티버 애니', 'Annie_6.jpg']","['프랑켄티버 애니', 'Annie_7.jpg']","['판다 애니', 'Annie_8.jpg']","['사랑의 애니', 'Annie_9.jpg']","['마법공학 애니', 'Annie_10.jpg']","['슈퍼 갤럭시 애니', 'Annie_11.jpg']","['애니 벌써 10주년!', 'Annie_12.jpg']","['새해 야수 애니', 'Annie_13.jpg']","['귀염둥이 카페 애니', 'Annie_22.jpg']","['공포의 밤 애니', 'Annie_31.jpg']",,,,
8,523,Aphelios.png,ApheliosP.png,['ApheliosQ_ClientTooltipWrapper.png'],['ApheliosW.png'],['ApheliosE_ClientTooltipWrapper.png'],['ApheliosR.png'],"['default', 'Aphelios_0.jpg']","['어둠의 인도자 아펠리오스', 'Aphelios_1.jpg']","['새해 야수 아펠리오스', 'Aphelios_9.jpg']","['EDG 아펠리오스', 'Aphelios_18.jpg']","['영혼의 꽃 아펠리오스', 'Aphelios_20.jpg']",,,,,,,,,,,,,,,
9,22,Ashe.png,Ashe_P.png,['AsheQ.png'],['Volley.png'],['AsheSpiritOfTheHawk.png'],['EnchantedCrystalArrow.png'],"['default', 'Ashe_0.jpg']","['프렐요드 애쉬', 'Ashe_1.jpg']","['로빈훗 애쉬', 'Ashe_2.jpg']","['깊은 숲 애쉬', 'Ashe_3.jpg']","['여왕 애쉬', 'Ashe_4.jpg']","['자수정 애쉬', 'Ashe_5.jpg']","['사랑의 추적자 애쉬', 'Ashe_6.jpg']","['습격자 애쉬', 'Ashe_7.jpg']","['프로젝트: 애쉬', 'Ashe_8.jpg']","['챔피언십 애쉬', 'Ashe_9.jpg']","['우주 여왕 애쉬', 'Ashe_11.jpg']","['하이 눈 애쉬', 'Ashe_17.jpg']","['정령용 애쉬', 'Ashe_23.jpg']","['악의 여단 애쉬', 'Ashe_32.jpg']","['바다의 노래 애쉬', 'Ashe_43.jpg']","['달빛 여왕 애쉬', 'Ashe_52.jpg']",,,,
10,136,AurelionSol.png,AurelionSolP.ASolGU.png,['AurelionSolQ.png'],['AurelionSolW.png'],['AurelionSolE.png'],['AurelionSolR.png'],"['default', 'AurelionSol_0.jpg']","['잿빛 군주 아우렐리온 솔', 'AurelionSol_1.jpg']","['메카 아우렐리온 솔', 'AurelionSol_2.jpg']","['폭풍용 아우렐리온 솔', 'AurelionSol_11.jpg']","['먹그림자 아우렐리온 솔', 'AurelionSol_21.jpg']",,,,,,,,,,,,,,,
11,268,Azir.png,Azir_Passive.png,['AzirQWrapper.png'],['AzirW.png'],['AzirEWrapper.png'],['AzirR.png'],"['default', 'Azir_0.jpg']","['은하계 아지르', 'Azir_1.jpg']","['죽음의 군주 아지르', 'Azir_2.jpg']","['SKT T1 아지르', 'Azir_3.jpg']","['대장군 아지르', 'Azir_4.jpg']","['나무정령 아지르', 'Azir_5.jpg']","['2022 월드 챔피언십 아지르', 'Azir_14.jpg']",,,,,,,,,,,,,
12,432,Bard.png,Bard_Passive.png,['BardQ.png'],['BardW.png'],['BardE.png'],['BardR.png'],"['default', 'Bard_0.jpg']","['나무정령 바드', 'Bard_1.jpg']","['눈싸움 달인 바드', 'Bard_5.jpg']","['음유시인 바드', 'Bard_6.jpg']","['우주비행사 바드', 'Bard_8.jpg']","['귀염둥이 카페 바드', 'Bard_17.jpg']",,,,,,,,,,,,,,
13,200,Belveth.png,Belveth_Passive.Belveth.png,['BelvethQ.png'],['BelvethW.png'],['BelvethE.png'],['BelvethR.png'],"['default', 'Belveth_0.jpg']","['중간보스 벨베스', 'Belveth_1.jpg']",,,,,,,,,,,,,,,,,,
14,53,Blitzcrank.png,Blitzcrank_ManaBarrier.png,['RocketGrab.png'],['Overdrive.png'],['PowerFist.png'],['StaticField.png'],"['default', 'Blitzcrank_0.jpg']","['녹슨 블리츠크랭크', 'Blitzcrank_1.jpg']","['골키퍼 블리츠크랭크', 'Blitzcrank_2.jpg']","['핵펀치 블리츠크랭크', 'Blitzcrank_3.jpg']","['필트오버 커스텀 블리츠크랭크', 'Blitzcrank_4.jpg']","['나 블리츠크랭크 아니다', 'Blitzcrank_5.jpg']","['i블리츠크랭크', 'Blitzcrank_6.jpg']","['라이엇 블리츠크랭크', 'Blitzcrank_7.jpg']","['중간보스 블리츠크랭크', 'Blitzcrank_11.jpg']","['악의 창기병 블리츠크랭크', 'Blitzcrank_20.jpg']","['정의의 창기병 블리츠크랭크', 'Blitzcrank_21.jpg']","['마녀 가마솥 블리츠크랭크', 'Blitzcrank_22.jpg']","['우주 그루브 블리츠와 크랭크', 'Blitzcrank_29.jpg']","['승리의 블리츠크랭크', 'Blitzcrank_36.jpg']","['한계 돌파 블리츠크랭크', 'Blitzcrank_47.jpg']",,,,,
15,63,Brand.png,BrandP.png,['BrandQ.png'],['BrandW.png'],['BrandE.png'],['BrandR.png'],"['default', 'Brand_0.jpg']","['세기말 브랜드', 'Brand_1.jpg']","['파괴단 브랜드', 'Brand_2.jpg']","['냉기의 심장 브랜드', 'Brand_3.jpg']","['좀비 브랜드', 'Brand_4.jpg']","['영혼의 불꽃 브랜드', 'Brand_5.jpg']","['중간보스 브랜드', 'Brand_6.jpg']","['빛의 브랜드', 'Brand_7.jpg']","['불멸용 브랜드', 'Brand_8.jpg']","['연미복 브랜드', 'Brand_21.jpg']","['프레스티지 연미복 브랜드', 'Brand_22.jpg']",,,,,,,,,
16,201,Braum.png,Braum_Passive.png,['BraumQ.png'],['BraumW.png'],['BraumE.png'],['BraumRWrapper.png'],"['default', 'Braum_0.jpg']","['용 사냥꾼 브라움', 'Braum_1.jpg']","['프로레슬러 브라움', 'Braum_2.jpg']","['용맹한 브라움', 'Braum_3.jpg']","['산타 브라움', 'Braum_10.jpg']","['범죄 도시 브라움', 'Braum_11.jpg']","['달콤 가득 브라움', 'Braum_24.jpg']","['수영장 파티 브라움', 'Braum_33.jpg']",,,,,,,,,,,,
17,51,Caitlyn.png,Caitlyn_Headshot.png,['CaitlynQ.png'],['CaitlynW.png'],['CaitlynE.png'],['CaitlynR.png'],"['default', 'Caitlyn_0.jpg']","['저항군 케이틀린', 'Caitlyn_1.jpg']","['보안관 케이틀린', 'Caitlyn_2.jpg']","['사파리 케이틀린', 'Caitlyn_3.jpg']","['극지 저격수 케이틀린', 'Caitlyn_4.jpg']","['케이틀린 경관', 'Caitlyn_5.jpg']","['인간사냥꾼 케이틀린', 'Caitlyn_6.jpg']","['달빛 악령 케이틀린', 'Caitlyn_10.jpg']","['펄스 건 케이틀린', 'Caitlyn_11.jpg']","['수영장 파티 케이틀린', 'Caitlyn_13.jpg']","['아케이드 케이틀린', 'Caitlyn_19.jpg']","['프레스티지 아케이드 케이틀린', 'Caitlyn_20.jpg']","['전투사관학교 케이틀린', 'Caitlyn_22.jpg']","['아케인 케이틀린', 'Caitlyn_28.jpg']","['프레스티지 아케이드 케이틀린 (2022)', 'Caitlyn_29.jpg']","['서리달 케이틀린', 'Caitlyn_30.jpg']","['두근두근 케이틀린', 'Caitlyn_39.jpg']",,,
18,164,Camille.png,Camille_Passive.png,['CamilleQ.png'],['CamilleW.png'],['CamilleE.png'],['CamilleR.png'],"['default', 'Camille_0.jpg']","['프로그램 카밀', 'Camille_1.jpg']","['악의 여단 카밀', 'Camille_2.jpg']","['iG 카밀', 'Camille_10.jpg']","['아르카나 카밀', 'Camille_11.jpg']","['타격대 지휘관 카밀', 'Camille_21.jpg']",,,,,,,,,,,,,,
19,69,Cassiopeia.png,Cassiopeia_Passive.png,['CassiopeiaQ.png'],['CassiopeiaW.png'],['CassiopeiaE.png'],['CassiopeiaR.png'],"['default', 'Cassiopeia_0.jpg']","['황야의 무법자 카시오페아', 'Cassiopeia_1.jpg']","['사이렌 카시오페아', 'Cassiopeia_2.jpg']","['여신 카시오페아', 'Cassiopeia_3.jpg']","['비취 송곳니 카시오페아', 'Cassiopeia_4.jpg']","['이터늄 카시오페아', 'Cassiopeia_8.jpg']","['영혼의 꽃 카시오페아', 'Cassiopeia_9.jpg']","['악의 여단 카시오페아', 'Cassiopeia_18.jpg']","['마녀 카시오페아', 'Cassiopeia_28.jpg']",,,,,,,,,,,
20,31,Chogath.png,GreenTerror_TailSpike.png,['Rupture.png'],['FeralScream.png'],['VorpalSpikes.png'],['Feast.png'],"['default', 'Chogath_0.jpg']","['악몽의 초가스', 'Chogath_1.jpg']","['신사 초가스', 'Chogath_2.jpg']","['네스호 초가스', 'Chogath_3.jpg']","['쥬라기 초가스', 'Chogath_4.jpg']","['전투 기계 프라임 초가스', 'Chogath_5.jpg']","['선사시대 초가스', 'Chogath_6.jpg']","['암흑의 별 초가스', 'Chogath_7.jpg']","['전설의 산수화 초가스', 'Chogath_14.jpg']","['깨진 언약 초가스', 'Chogath_23.jpg']",,,,,,,,,,
21,42,Corki.png,Corki_RapidReload.png,['PhosphorusBomb.png'],['CarpetBomb.png'],['GGun.png'],['MissileBarrage.png'],"['default', 'Corki_0.jpg']","['UFO 코르키', 'Corki_1.jpg']","['얼음 썰매 코르키', 'Corki_2.jpg']","['붉은 남작 코르키', 'Corki_3.jpg']","['스피드광 코르키', 'Corki_4.jpg']","['우르프 라이더 코르키', 'Corki_5.jpg']","['불꽃놀이 코르키', 'Corki_6.jpg']","['Fnatic 코르키', 'Corki_7.jpg']","['아케이드 코르키', 'Corki_8.jpg']","['웰시 코르키', 'Corki_18.jpg']","['우주비행사 코르키', 'Corki_26.jpg']",,,,,,,,,
22,122,Darius.png,Darius_Icon_Hemorrhage.png,['DariusCleave.png'],['DariusNoxianTacticsONH.png'],['DariusAxeGrabCone.png'],['DariusExecute.png'],"['default', 'Darius_0.jpg']","['다리우스 경', 'Darius_1.jpg']","['생체공학 다리우스', 'Darius_2.jpg']","['북방의 왕 다리우스', 'Darius_3.jpg']","['덩크왕 다리우스', 'Darius_4.jpg']","['반항아 다리우스', 'Darius_8.jpg']","['행성 파괴자 다리우스', 'Darius_14.jpg']","['반역왕 다리우스', 'Darius_15.jpg']","['하이 눈 다리우스', 'Darius_16.jpg']","['새해 야수 다리우스', 'Darius_24.jpg']","['범죄 도시 악몽 다리우스', 'Darius_33.jpg']","['영혼의 꽃 다리우스', 'Darius_43.jpg']",,,,,,,,
23,131,Diana.png,Diana_Passive_LunarBlade.png,['DianaQ.png'],['DianaOrbs.png'],['DianaTeleport.png'],['DianaR.png'],"['default', 'Diana_0.jpg']","['암흑 발키리 다이애나', 'Diana_1.jpg']","['달의 여신 다이애나', 'Diana_2.jpg']","['지옥의 다이애나', 'Diana_3.jpg']","['핏빛달 다이애나', 'Diana_11.jpg']","['칠흑 물결 다이애나', 'Diana_12.jpg']","['용 사냥꾼 다이애나', 'Diana_18.jpg']","['전투 여왕 다이애나', 'Diana_25.jpg']","['프레스티지 전투 여왕 다이애나', 'Diana_26.jpg']","['감시자 다이애나', 'Diana_27.jpg']","['불꽃놀이 다이애나', 'Diana_37.jpg']","['겨울의 축복 다이애나', 'Diana_47.jpg']",,,,,,,,
24,36,DrMundo.png,DrMundo_P.png,['DrMundoQ.png'],['DrMundoW.png'],['DrMundoE.png'],['DrMundoR.png'],"['default', 'DrMundo_0.jpg']","['독극물 문도 박사', 'DrMundo_1.jpg']","['몸짱 문도씨', 'DrMundo_2.jpg']","['CEO 문도', 'DrMundo_3.jpg']","['분장한다 문도!', 'DrMundo_4.jpg']","['처형자 문도', 'DrMundo_5.jpg']","['전장을 누비는 문도', 'DrMundo_6.jpg']","['TPA 문도', 'DrMundo_7.jpg']","['수영장 파티 문도', 'DrMundo_8.jpg']","['프로레슬러 문도', 'DrMundo_9.jpg']","['얼음 왕자 문도', 'DrMundo_10.jpg']",,,,,,,,,
25,119,Draven.png,Draven_passive.png,['DravenSpinning.png'],['DravenFury.png'],['DravenDoubleShot.png'],['DravenRCast.png'],"['default', 'Draven_0.jpg']","['영혼 파괴자 드레이븐', 'Draven_1.jpg']","['검투사 드레이븐', 'Draven_2.jpg']","['채널고정 드레이븐', 'Draven_3.jpg']","['수영장 파티 드레이븐', 'Draven_4.jpg']","['괴물 사냥꾼 드레이븐', 'Draven_5.jpg']","['대두레이븐', 'Draven_6.jpg']","['산타 드레이븐', 'Draven_12.jpg']","['메카 삼국 드레이븐', 'Draven_13.jpg']","['몰락한 드레이븐', 'Draven_20.jpg']","['연미복 드레이븐', 'Draven_29.jpg']","['공포의 밤 드레이븐', 'Draven_39.jpg']",,,,,,,,
26,245,Ekko.png,Ekko_P.png,['EkkoQ.png'],['EkkoW.png'],['EkkoE.png'],['EkkoR.png'],"['default', 'Ekko_0.jpg']","['모래폭풍 에코', 'Ekko_1.jpg']","['전학생 에코', 'Ekko_2.jpg']","['프로젝트: 에코', 'Ekko_3.jpg']","['SKT T1 에코', 'Ekko_11.jpg']","['사탕 이리 주시지! 에코', 'Ekko_12.jpg']","['True Damage 에코', 'Ekko_19.jpg']","['펄스 건 에코', 'Ekko_28.jpg']","['점화단 에코', 'Ekko_36.jpg']","['별 수호자 에코', 'Ekko_45.jpg']","['프레스티지 별 수호자 에코', 'Ekko_46.jpg']",,,,,,,,,
27,60,Elise.png,ElisePassive.png,['EliseHumanQ.png'],['EliseHumanW.png'],['EliseHumanE.png'],['EliseR.png'],"['default', 'Elise_0.jpg']","['죽음의 꽃 엘리스', 'Elise_1.jpg']","['승리의 엘리스', 'Elise_2.jpg']","['핏빛달 엘리스', 'Elise_3.jpg']","['SKT T1 엘리스', 'Elise_4.jpg']","['슈퍼 갤럭시 엘리스', 'Elise_5.jpg']","['마녀 엘리스', 'Elise_6.jpg']","['메마른 장미 엘리스', 'Elise_15.jpg']",,,,,,,,,,,,
28,28,Evelynn.png,Evelynn_Passive.png,['EvelynnQ.png'],['EvelynnW.png'],['EvelynnE.png'],['EvelynnR.png'],"['default', 'Evelynn_0.jpg']","['그림자 이블린', 'Evelynn_1.jpg']","['가면 무도회 이블린', 'Evelynn_2.jpg']","['탱고 이블린', 'Evelynn_3.jpg']","['금고털이 이블린', 'Evelynn_4.jpg']","['핏빛달 이블린', 'Evelynn_5.jpg']","['K/DA 이블린', 'Evelynn_6.jpg']","['프레스티지 K/DA 이블린', 'Evelynn_7.jpg']","['달콤 가득 이블린', 'Evelynn_8.jpg']","['K/DA ALL OUT 이블린', 'Evelynn_15.jpg']","['악의 여단 이블린', 'Evelynn_24.jpg']","['프레스티지 K/DA 이블린 (2022)', 'Evelynn_31.jpg']","['영혼의 꽃 이블린', 'Evelynn_32.jpg']",,,,,,,
29,81,Ezreal.png,Ezreal_RisingSpellForce.png,['EzrealQ.png'],['EzrealW.png'],['EzrealE.png'],['EzrealR.png'],"['default', 'Ezreal_0.jpg']","['노팅엄 이즈리얼', 'Ezreal_1.jpg']","['공격수 이즈리얼', 'Ezreal_2.jpg']","['서릿빛 이즈리얼', 'Ezreal_3.jpg']","['탐험가 이즈리얼', 'Ezreal_4.jpg']","['펄스 건 이즈리얼', 'Ezreal_5.jpg']","['TPA 이즈리얼', 'Ezreal_6.jpg']","['연미복 이즈리얼', 'Ezreal_7.jpg']","['스페이드의 에이스 이즈리얼', 'Ezreal_8.jpg']","['아케이드 이즈리얼', 'Ezreal_9.jpg']","['별 수호자 이즈리얼', 'Ezreal_18.jpg']","['삼성 갤럭시 이즈리얼', 'Ezreal_19.jpg']","['파자마 수호자 이즈리얼', 'Ezreal_20.jpg']","['전투사관학교 이즈리얼', 'Ezreal_21.jpg']","['초능력특공대 이즈리얼', 'Ezreal_22.jpg']","['프레스티지 초능력특공대 이즈리얼', 'Ezreal_23.jpg']","['도자기 수호자 이즈리얼', 'Ezreal_25.jpg']","['요정 왕국 이즈리얼', 'Ezreal_33.jpg']",,
30,9,Fiddlesticks.png,FiddlesticksP.png,['FiddleSticksQ.png'],['FiddleSticksW.png'],['FiddleSticksE.png'],['FiddleSticksR.png'],"['default', 'Fiddlesticks_0.jpg']","['유령 피들스틱', 'Fiddlesticks_1.jpg']","['유니언 잭 피들스틱', 'Fiddlesticks_2.jpg']","['노상강도 피들스틱', 'Fiddlesticks_3.jpg']","['호박머리 피들스틱', 'Fiddlesticks_4.jpg']","['해적 피들스틱', 'Fiddlesticks_5.jpg']","['깜짝 파티 피들스틱', 'Fiddlesticks_6.jpg']","['어둠 막대사탕 피들스틱', 'Fiddlesticks_7.jpg']","['부활한 피들스틱', 'Fiddlesticks_8.jpg']","['시공간 침략자 피들스틱', 'Fiddlesticks_9.jpg']","['별의 숙적 피들스틱', 'Fiddlesticks_27.jpg']",,,,,,,,,
31,114,Fiora.png,Fiora_P.png,['FioraQ.png'],['FioraW.png'],['FioraE.png'],['FioraR.png'],"['default', 'Fiora_0.jpg']","['근위대 피오라', 'Fiora_1.jpg']","['밤까마귀 피오라', 'Fiora_2.jpg']","['피오라 선생님', 'Fiora_3.jpg']","['프로젝트: 피오라', 'Fiora_4.jpg']","['수영장 파티 피오라', 'Fiora_5.jpg']","['불멸의 영웅 피오라', 'Fiora_22.jpg']","['사랑꾼 피오라', 'Fiora_23.jpg']","['iG 피오라', 'Fiora_31.jpg']","['펄스 건 피오라', 'Fiora_41.jpg']","['새해 야수 피오라', 'Fiora_50.jpg']","['프레스티지 새해 야수 피오라', 'Fiora_51.jpg']","['마녀 피오라', 'Fiora_60.jpg']","['요정 왕국 피오라', 'Fiora_69.jpg']",,,,,,
32,105,Fizz.png,Fizz_P.png,['FizzQ.png'],['FizzW.png'],['FizzE.png'],['FizzR.png'],"['default', 'Fizz_0.jpg']","['아틀란티스 피즈', 'Fizz_1.jpg']","['툰드라 피즈', 'Fizz_2.jpg']","['낚시꾼 피즈', 'Fizz_3.jpg']","['공허의 피즈', 'Fizz_4.jpg']","['복실복실 피즈', 'Fizz_8.jpg']","['슈퍼 갤럭시 피즈', 'Fizz_9.jpg']","['오메가 분대 피즈', 'Fizz_10.jpg']","['피즈멍', 'Fizz_14.jpg']","['프레스티지 피즈멍', 'Fizz_15.jpg']","['작은 악마 피즈', 'Fizz_16.jpg']","['프레스티지 피즈멍 (2022)', 'Fizz_25.jpg']","['우주비행사 피즈', 'Fizz_26.jpg']",,,,,,,
33,3,Galio.png,Galio_Passive.png,['GalioQ.png'],['GalioW.png'],['GalioE.png'],['GalioR.png'],"['default', 'Galio_0.jpg']","['마법 강화 갈리오', 'Galio_1.jpg']","['마법공학 갈리오', 'Galio_2.jpg']","['특공대 갈리오', 'Galio_3.jpg']","['지옥 수문장 갈리오', 'Galio_4.jpg']","['연미복 갈리오', 'Galio_5.jpg']","['꼬끼오', 'Galio_6.jpg']","['지옥의 갈리오', 'Galio_13.jpg']","['용 수호자 갈리오', 'Galio_19.jpg']","['신화 창조자 갈리오', 'Galio_28.jpg']",,,,,,,,,,
34,41,Gangplank.png,Gangplank_Passive.png,['GangplankQWrapper.png'],['GangplankW.png'],['GangplankE.png'],['GangplankR.png'],"['default', 'Gangplank_0.jpg']","['으스스한 갱플랭크', 'Gangplank_1.jpg']","['민병대원 갱플랭크', 'Gangplank_2.jpg']","['해군 갱플랭크', 'Gangplank_3.jpg']","['장난감 병정 갱플랭크', 'Gangplank_4.jpg']","['특수 부대 갱플랭크', 'Gangplank_5.jpg']","['술탄 갱플랭크', 'Gangplank_6.jpg']","['캡틴 갱플랭크', 'Gangplank_7.jpg']","['행성 파괴자 갱플랭크', 'Gangplank_8.jpg']","['수영장 파티 갱플랭크', 'Gangplank_14.jpg']","['FPX 갱플랭크', 'Gangplank_21.jpg']","['배신자 갱플랭크', 'Gangplank_23.jpg']",,,,,,,,
35,86,Garen.png,Garen_Passive.png,['GarenQ.png'],['GarenW.png'],['GarenE.png'],['GarenR.png'],"['default', 'Garen_0.jpg']","['핏빛 가렌', 'Garen_1.jpg']","['사막 특전사 가렌', 'Garen_2.jpg']","['특공대 가렌', 'Garen_3.jpg']","['공포의 기사 가렌', 'Garen_4.jpg']","['방랑자 가렌', 'Garen_5.jpg']","['강철 군단 가렌', 'Garen_6.jpg']","['흉포한 제독 가렌', 'Garen_10.jpg']","['대장군 가렌', 'Garen_11.jpg']","['신성왕 가렌', 'Garen_13.jpg']","['데마시아 강력반 가렌', 'Garen_14.jpg']","['메카 삼국 가렌', 'Garen_22.jpg']","['프레스티지 메카 삼국 가렌', 'Garen_23.jpg']","['전투사관학교 가렌', 'Garen_24.jpg']","['신화 창조자 가렌', 'Garen_33.jpg']",,,,,
36,150,Gnar.png,Gnar_Passive.png,['GnarQ.png'],['GnarW.png'],['GnarE.png'],['GnarR.png'],"['default', 'Gnar_0.jpg']","['공룡 나르', 'Gnar_1.jpg']","['신사 나르', 'Gnar_2.jpg']","['눈싸움 대장 나르', 'Gnar_3.jpg']","['프로레슬러 나르', 'Gnar_4.jpg']","['슈퍼 갤럭시 나르', 'Gnar_13.jpg']","['삼성 갤럭시 나르', 'Gnar_14.jpg']","['우주비행사 나르', 'Gnar_15.jpg']","['나무정령 나르', 'Gnar_22.jpg']",,,,,,,,,,,
37,79,Gragas.png,GragasPassiveHeal.png,['GragasQ.png'],['GragasW.png'],['GragasE.png'],['GragasR.png'],"['default', 'Gragas_0.jpg']","['스쿠버 그라가스', 'Gragas_1.jpg']","['촌뜨기 농부 그라가스', 'Gragas_2.jpg']","['산타 그라가스', 'Gragas_3.jpg']","['멋쟁이 그라가스', 'Gragas_4.jpg']","['파괴단 그라가스', 'Gragas_5.jpg']","['옥토버페스트 그라가스', 'Gragas_6.jpg']","['축구광 그라가스', 'Gragas_7.jpg']","['Fnatic 그라가스', 'Gragas_8.jpg']","['술통 파괴자 그라가스', 'Gragas_9.jpg']","['설원 특공대 그라가스', 'Gragas_10.jpg']","['심판자 그라가스', 'Gragas_11.jpg']","['우주 그루브 그라가스', 'Gragas_20.jpg']",,,,,,,
38,104,Graves.png,GravesTrueGrit.png,['GravesQLineSpell.png'],['GravesSmokeGrenade.png'],['GravesMove.png'],['GravesChargeShot.png'],"['default', 'Graves_0.jpg']","['용병 그레이브즈', 'Graves_1.jpg']","['탈옥수 그레이브즈', 'Graves_2.jpg']","['범죄 도시 그레이브즈', 'Graves_3.jpg']","['라이엇 그레이브즈', 'Graves_4.jpg']","['수영장 파티 그레이브즈', 'Graves_5.jpg']","['불한당 그레이브즈', 'Graves_6.jpg']","['눈싸움 달인 그레이브즈', 'Graves_7.jpg']","['승리의 그레이브즈', 'Graves_14.jpg']","['시공간 침략자 그레이브즈', 'Graves_18.jpg']","['전투사관학교 그레이브즈 교수님', 'Graves_25.jpg']","['감시자 그레이브즈', 'Graves_35.jpg']","['EDG 그레이브즈', 'Graves_42.jpg']",,,,,,,
39,887,Gwen.png,Gwen_Passive.png,['GwenQ.png'],['GwenW.png'],['GwenE.png'],['GwenR.png'],"['default', 'Gwen_0.jpg']","['우주 그루브 그웬', 'Gwen_1.jpg']","['귀염둥이 카페 그웬', 'Gwen_11.jpg']",,,,,,,,,,,,,,,,,
40,120,Hecarim.png,Hecarim_Passive.png,['HecarimRapidSlash.png'],['HecarimW.png'],['HecarimRamp.png'],['HecarimUlt.png'],"['default', 'Hecarim_0.jpg']","['피의 기사 헤카림', 'Hecarim_1.jpg']","['사신 헤카림', 'Hecarim_2.jpg']","['호박머리 헤카림', 'Hecarim_3.jpg']","['아케이드 헤카림', 'Hecarim_4.jpg']","['나무정령 헤카림', 'Hecarim_5.jpg']","['파괴의 신 헤카림', 'Hecarim_6.jpg']","['빛의 창기병 헤카림', 'Hecarim_7.jpg']","['하이 눈 헤카림', 'Hecarim_8.jpg']","['우주 돌격대 헤카림', 'Hecarim_14.jpg']","['아르카나 헤카림', 'Hecarim_22.jpg']",,,,,,,,,
41,74,Heimerdinger.png,Heimerdinger_Passive.png,['HeimerdingerQ.png'],['HeimerdingerW.png'],['HeimerdingerE.png'],['HeimerdingerR.png'],"['default', 'Heimerdinger_0.jpg']","['화성인 하이머딩거', 'Heimerdinger_1.jpg']","['발파실패 하이머딩거', 'Heimerdinger_2.jpg']","['필트오버 커스텀 하이머딩거', 'Heimerdinger_3.jpg']","['눈사람 하이머딩거', 'Heimerdinger_4.jpg']","['독극물 하이머딩거', 'Heimerdinger_5.jpg']","['용 조련사 하이머딩거', 'Heimerdinger_6.jpg']","['수영장 파티 하이머딩거', 'Heimerdinger_15.jpg']","['꿀잼 하이머딩거', 'Heimerdinger_24.jpg']",,,,,,,,,,,
42,420,Illaoi.png,Illaoi_P.png,['IllaoiQ.png'],['IllaoiW.png'],['IllaoiE.png'],['IllaoiR.png'],"['default', 'Illaoi_0.jpg']","['공허 인도자 일라오이', 'Illaoi_1.jpg']","['저항군 일라오이', 'Illaoi_2.jpg']","['우주 기원자 일라오이', 'Illaoi_10.jpg']","['서리달 일라오이', 'Illaoi_18.jpg']",,,,,,,,,,,,,,,
43,39,Irelia.png,Irelia_Passive.png,['IreliaQ.png'],['IreliaW.png'],['IreliaE.png'],['IreliaR.png'],"['default', 'Irelia_0.jpg']","['암흑검 이렐리아', 'Irelia_1.jpg']","['조종사 이렐리아', 'Irelia_2.jpg']","['잠입자 이렐리아', 'Irelia_3.jpg']","['서리검 이렐리아', 'Irelia_4.jpg']","['연꽃 수도회 이렐리아', 'Irelia_5.jpg']","['불멸의 영웅 이렐리아', 'Irelia_6.jpg']","['iG 이렐리아', 'Irelia_15.jpg']","['프로젝트: 이렐리아', 'Irelia_16.jpg']","['프레스티지 프로젝트: 이렐리아', 'Irelia_17.jpg']","['하이 눈 이렐리아', 'Irelia_18.jpg']","['감시자 이렐리아', 'Irelia_26.jpg']","['프레스티지 프로젝트: 이렐리아 (2022)', 'Irelia_36.jpg']","['신화 창조자 이렐리아', 'Irelia_37.jpg']",,,,,,
44,427,Ivern.png,IvernP.png,['IvernQ.png'],['IvernW.png'],['IvernE.png'],['IvernR.png'],"['default', 'Ivern_0.jpg']","['새콤달콤 아이번', 'Ivern_1.jpg']","['덩크왕 아이번', 'Ivern_2.jpg']","['고대 신 아이번', 'Ivern_11.jpg']","['우주비행사 아이번', 'Ivern_20.jpg']",,,,,,,,,,,,,,,
45,40,Janna.png,Janna_Tailwind.png,['HowlingGale.png'],['SowTheWind.png'],['EyeOfTheStorm.png'],['ReapTheWhirlwind.png'],"['default', 'Janna_0.jpg']","['폭풍의 잔나', 'Janna_1.jpg']","['마법공학 잔나', 'Janna_2.jpg']","['서리 여왕 잔나', 'Janna_3.jpg']","['승리의 잔나', 'Janna_4.jpg']","['기상캐스터 잔나', 'Janna_5.jpg']","['Fnatic 잔나', 'Janna_6.jpg']","['별 수호자 잔나', 'Janna_7.jpg']","['불멸의 영웅 잔나', 'Janna_8.jpg']","['마녀 잔나', 'Janna_13.jpg']","['사막의 수호자 잔나', 'Janna_20.jpg']","['전투 여왕 잔나', 'Janna_27.jpg']","['수정 장미 잔나', 'Janna_36.jpg']","['사이버 헤일로 잔나', 'Janna_45.jpg']","['프레스티지 사이버 헤일로 잔나', 'Janna_46.jpg']",,,,,
46,59,JarvanIV.png,JarvanIV_MartialCadence.png,['JarvanIVDragonStrike.png'],['JarvanIVGoldenAegis.png'],['JarvanIVDemacianStandard.png'],['JarvanIVCataclysm.png'],"['default', 'JarvanIV_0.jpg']","['특공대 자르반 4세', 'JarvanIV_1.jpg']","['용 사냥꾼 자르반 4세', 'JarvanIV_2.jpg']","['흑기사 자르반 4세', 'JarvanIV_3.jpg']","['승리의 자르반 4세', 'JarvanIV_4.jpg']","['대장군 자르반 4세', 'JarvanIV_5.jpg']","['Fnatic 자르반 4세', 'JarvanIV_6.jpg']","['암흑의 별 자르반 4세', 'JarvanIV_7.jpg']","['삼성 갤럭시 자르반 4세', 'JarvanIV_8.jpg']","['마법공학 자르반 4세', 'JarvanIV_9.jpg']","['수영장 파티 자르반 4세', 'JarvanIV_11.jpg']","['새해 야수 자르반 4세', 'JarvanIV_21.jpg']","['2021 월드 챔피언십 자르반 4세', 'JarvanIV_30.jpg']","['어둠의 인도자 자르반 4세', 'JarvanIV_35.jpg']",,,,,,
47,24,Jax.png,Armsmaster_MasterOfArms.png,['JaxLeapStrike.png'],['JaxEmpowerTwo.png'],['JaxCounterStrike.png'],['JaxRApexForm.png'],"['default', 'Jax_0.jpg']","['아이스하키 잭스', 'Jax_1.jpg']","['파괴단 잭스', 'Jax_2.jpg']","['낚시꾼 잭스', 'Jax_3.jpg']","['PAX 잭스', 'Jax_4.jpg']","['잭시무스', 'Jax_5.jpg']","['소림사 잭스', 'Jax_6.jpg']","['응징자 잭스', 'Jax_7.jpg']","['SKT T1 잭스', 'Jax_8.jpg']","['심판자 잭스', 'Jax_12.jpg']","['신의 지팡이 잭스', 'Jax_13.jpg']","['메카 삼국 잭스', 'Jax_14.jpg']","['정복자 잭스', 'Jax_20.jpg']","['프레스티지 정복자 잭스', 'Jax_21.jpg']","['창공 잭스', 'Jax_22.jpg']",,,,,
48,126,Jayce.png,Jayce_Passive.png,['JayceToTheSkies.png'],['JayceStaticField.png'],['JayceThunderingBlow.png'],['JayceStanceHtG.png'],"['default', 'Jayce_0.jpg']","['풀 메탈 제이스', 'Jayce_1.jpg']","['연미복 제이스', 'Jayce_2.jpg']","['악에 물든 제이스', 'Jayce_3.jpg']","['성기사 제이스', 'Jayce_4.jpg']","['전투사관학교 제이스', 'Jayce_5.jpg']","['저항군 제이스', 'Jayce_15.jpg']","['아케인 제이스', 'Jayce_24.jpg']","['한계 돌파 제이스', 'Jayce_25.jpg']",,,,,,,,,,,
49,202,Jhin.png,Jhin_P.png,['JhinQ.png'],['JhinW.png'],['JhinE.png'],['JhinR.png'],"['default', 'Jhin_0.jpg']","['하이 눈 진', 'Jhin_1.jpg']","['핏빛달 진', 'Jhin_2.jpg']","['SKT T1 진', 'Jhin_3.jpg']","['프로젝트: 진', 'Jhin_4.jpg']","['암흑 우주 진', 'Jhin_5.jpg']","['전설의 산수화 진', 'Jhin_14.jpg']","['DWG 진', 'Jhin_23.jpg']","['창공 진', 'Jhin_25.jpg']",,,,,,,,,,,
50,222,Jinx.png,Jinx_Passive.png,['JinxQ.png'],['JinxW.png'],['JinxE.png'],['JinxR.png'],"['default', 'Jinx_0.jpg']","['범죄 도시 징크스', 'Jinx_1.jpg']","['불꽃놀이 징크스', 'Jinx_2.jpg']","['좀비 슬레이어 징크스', 'Jinx_3.jpg']","['별 수호자 징크스', 'Jinx_4.jpg']","['당돌한 엘프 징크스', 'Jinx_12.jpg']","['오디세이 징크스', 'Jinx_13.jpg']","['프로젝트: 징크스', 'Jinx_20.jpg']","['사랑의 추적자 징크스', 'Jinx_29.jpg']","['아케인 징크스', 'Jinx_37.jpg']","['전투 고양이 징크스', 'Jinx_38.jpg']","['프레스티지 전투 고양이 징크스', 'Jinx_40.jpg']",,,,,,,,
51,897,KSante.png,Icons_KSante_P.png,['KSanteQ.png'],['KSanteW.png'],['KSanteE.png'],['KSanteR.png'],"['default', 'KSante_0.jpg']","['창공 크산테', 'KSante_1.jpg']","['프레스티지 창공 크산테', 'KSante_2.jpg']",,,,,,,,,,,,,,,,,
52,145,Kaisa.png,Kaisa_Passive.png,['KaisaQ.png'],['KaisaW.png'],['KaisaE.png'],['KaisaR.png'],"['default', 'Kaisa_0.jpg']","['기동총격천사 카이사', 'Kaisa_1.jpg']","['K/DA 카이사', 'Kaisa_14.jpg']","['프레스티지 K/DA 카이사', 'Kaisa_15.jpg']","['iG 카이사', 'Kaisa_16.jpg']","['아케이드 카이사', 'Kaisa_17.jpg']","['K/DA ALL OUT 카이사', 'Kaisa_26.jpg']","['프레스티지 K/DA ALL OUT 카이사', 'Kaisa_27.jpg']","['바다용 카이사', 'Kaisa_29.jpg']","['프레스티지 K/DA 카이사 (2022)', 'Kaisa_39.jpg']","['별 수호자 카이사', 'Kaisa_40.jpg']","['먹그림자 카이사', 'Kaisa_48.jpg']",,,,,,,,
53,429,Kalista.png,Kalista_Passive.png,['KalistaMysticShot.png'],['KalistaW.png'],['KalistaExpungeWrapper.png'],['KalistaRx.png'],"['default', 'Kalista_0.jpg']","['핏빛달 칼리스타', 'Kalista_1.jpg']","['챔피언십 칼리스타', 'Kalista_2.jpg']","['SKT T1 칼리스타', 'Kalista_3.jpg']","['습격자 칼리스타', 'Kalista_5.jpg']","['요정 왕국 칼리스타', 'Kalista_14.jpg']",,,,,,,,,,,,,,
54,43,Karma.png,Karma_Passive.png,['KarmaQ.png'],['KarmaSpiritBind.png'],['KarmaSolKimShield.png'],['KarmaMantra.png'],"['default', 'Karma_0.jpg']","['태양의 여신 카르마', 'Karma_1.jpg']","['사쿠라 카르마', 'Karma_2.jpg']","['(구) 카르마', 'Karma_3.jpg']","['연꽃 수도회 카르마', 'Karma_4.jpg']","['심판자 카르마', 'Karma_5.jpg']","['겨울 동화 카르마', 'Karma_6.jpg']","['정복자 카르마', 'Karma_7.jpg']","['암흑의 별 카르마', 'Karma_8.jpg']","['빛의 인도자 카르마', 'Karma_19.jpg']","['오디세이 카르마', 'Karma_26.jpg']","['몰락한 카르마', 'Karma_27.jpg']","['평온용 카르마', 'Karma_44.jpg']","['요정 여왕 카르마', 'Karma_54.jpg']",,,,,,
55,30,Karthus.png,Karthus_Passive.png,['KarthusLayWasteA1.png'],['KarthusWallOfPain.png'],['KarthusDefile.png'],['KarthusFallenOne.png'],"['default', 'Karthus_0.jpg']","['유령 카서스', 'Karthus_1.jpg']","['자유의 카서스상', 'Karthus_2.jpg']","['사신 카서스', 'Karthus_3.jpg']","['펜타킬 카서스', 'Karthus_4.jpg']","['Fnatic 카서스', 'Karthus_5.jpg']","['빛의 파괴자 카서스', 'Karthus_9.jpg']","['지옥의 카서스', 'Karthus_10.jpg']","['펜타킬 III: 사라진 양피지 카서스', 'Karthus_17.jpg']",,,,,,,,,,,
56,38,Kassadin.png,Kassadin_Passive.png,['NullLance.png'],['NetherBlade.png'],['ForcePulse.png'],['RiftWalk.png'],"['default', 'Kassadin_0.jpg']","['얼음축제 카사딘', 'Kassadin_1.jpg']","['심해의 카사딘', 'Kassadin_2.jpg']","['인간 시절의 카사딘', 'Kassadin_3.jpg']","['선구자 카사딘', 'Kassadin_4.jpg']","['우주의 지배자 카사딘', 'Kassadin_5.jpg']","['카사딘 백작', 'Kassadin_6.jpg']","['마법공학 카사딘', 'Kassadin_14.jpg']","['칼날폭풍 카사딘', 'Kassadin_15.jpg']",,,,,,,,,,,
57,55,Katarina.png,Katarina_Passive.png,['KatarinaQ.png'],['KatarinaW.png'],['KatarinaEWrapper.png'],['KatarinaR.png'],"['default', 'Katarina_0.jpg']","['용병 카타리나', 'Katarina_1.jpg']","['레드카드 카타리나', 'Katarina_2.jpg']","['빌지워터 카타리나', 'Katarina_3.jpg']","['야옹이 카타리나', 'Katarina_4.jpg']","['총사령관 카타리나', 'Katarina_5.jpg']","['모래폭풍 카타리나', 'Katarina_6.jpg']","['죽음의 종소리 카타리나', 'Katarina_7.jpg']","['대장군 카타리나', 'Katarina_8.jpg']","['프로젝트: 카타리나', 'Katarina_9.jpg']","['죽음의 사도 카타리나', 'Katarina_10.jpg']","['전투사관학교 카타리나', 'Katarina_12.jpg']","['핏빛달 카타리나', 'Katarina_21.jpg']","['전투 여왕 카타리나', 'Katarina_29.jpg']","['하이 눈 카타리나', 'Katarina_37.jpg']","['요정 왕국 카타리나', 'Katarina_47.jpg']","['프레스티지 요정 왕국 카타리나', 'Katarina_48.jpg']",,,
58,10,Kayle.png,Kayle_P.png,['KayleQ.png'],['KayleW.png'],['KayleE.png'],['KayleR.png'],"['default', 'Kayle_0.jpg']","['은빛 케일', 'Kayle_1.jpg']","['청록의 심판자 케일', 'Kayle_2.jpg']","['승천한 케일', 'Kayle_3.jpg']","['전장을 누비는 케일', 'Kayle_4.jpg']","['심판관 케일', 'Kayle_5.jpg']","['에테르 날개 케일', 'Kayle_6.jpg']","['라이엇 전경 케일', 'Kayle_7.jpg']","['강철의 심판관 케일', 'Kayle_8.jpg']","['펜타킬 케일', 'Kayle_9.jpg']","['초능력특공대 케일', 'Kayle_15.jpg']","['용 사냥꾼 케일', 'Kayle_24.jpg']","['펜타킬 III: 사라진 양피지 케일', 'Kayle_33.jpg']","['태양 포식자 케일', 'Kayle_42.jpg']",,,,,,
59,141,Kayn.png,Kayn_Passive_Primary.png,['KaynQ.png'],['KaynW.png'],['KaynE.png'],['KaynR.png'],"['default', 'Kayn_0.jpg']","['영혼사냥꾼 케인', 'Kayn_1.jpg']","['오디세이 케인', 'Kayn_2.jpg']","['어둠의 인도자 케인', 'Kayn_8.jpg']","['프레스티지 어둠의 인도자 케인', 'Kayn_9.jpg']","['서리달 케인', 'Kayn_15.jpg']",,,,,,,,,,,,,,
60,85,Kennen.png,Kennen_Passive.png,['KennenShurikenHurlMissile1.png'],['KennenBringTheLight.png'],['KennenLightningRush.png'],['KennenShurikenStorm.png'],"['default', 'Kennen_0.jpg']","['무시무시한 케넨', 'Kennen_1.jpg']","['늪지의 은둔자 케넨', 'Kennen_2.jpg']","['공수도 케넨', 'Kennen_3.jpg']","['의사선생님 케넨', 'Kennen_4.jpg']","['설원 특공대 케넨', 'Kennen_5.jpg']","['핏빛달 케넨', 'Kennen_6.jpg']","['백만볼트 케넨', 'Kennen_7.jpg']","['지옥의 케넨', 'Kennen_8.jpg']","['DWG 케넨', 'Kennen_23.jpg']","['우주비행사 케넨', 'Kennen_25.jpg']",,,,,,,,,
61,121,Khazix.png,Khazix_P.png,['KhazixQ.png'],['KhazixW.png'],['KhazixE.png'],['KhazixR.png'],"['default', 'Khazix_0.jpg']","['메카 카직스', 'Khazix_1.jpg']","['사막의 수호자 카직스', 'Khazix_2.jpg']","['죽음의 꽃 카직스', 'Khazix_3.jpg']","['암흑의 별 카직스', 'Khazix_4.jpg']","['챔피언십 카직스', 'Khazix_11.jpg']","['오디세이 카직스', 'Khazix_60.jpg']","['달빛 수호자 카직스', 'Khazix_69.jpg']",,,,,,,,,,,,
62,203,Kindred.png,Kindred_Passive.png,['KindredQ.png'],['KindredW.png'],['KindredEWrapper.png'],['KindredR.png'],"['default', 'Kindred_0.jpg']","['그림자 불꽃 킨드레드', 'Kindred_1.jpg']","['슈퍼 갤럭시 킨드레드', 'Kindred_2.jpg']","['영혼의 꽃 킨드레드', 'Kindred_3.jpg']","['도자기 킨드레드', 'Kindred_12.jpg']","['멍멍양 킨드레드', 'Kindred_22.jpg']",,,,,,,,,,,,,,
63,240,Kled.png,Kled_P.png,['KledQ.png'],['KledW.png'],['KledE.png'],['KledR.png'],"['default', 'Kled_0.jpg']","['클레드 경', 'Kled_1.jpg']","['클레듈라 백작', 'Kled_2.jpg']","['습격자 클레드', 'Kled_9.jpg']","['개밥그릇 클레드', 'Kled_18.jpg']",,,,,,,,,,,,,,,
64,96,KogMaw.png,KogMaw_IcathianSurprise.png,['KogMawQ.png'],['KogMawBioArcaneBarrage.png'],['KogMawVoidOoze.png'],['KogMawLivingArtillery.png'],"['default', 'KogMaw_0.jpg']","['애벌레 코그모', 'KogMaw_1.jpg']","['모랫빛 코그모', 'KogMaw_2.jpg']","['왕나비 코그모 ', 'KogMaw_3.jpg']","['루돌프 코그모', 'KogMaw_4.jpg']","['사자춤 코그모', 'KogMaw_5.jpg']","['심해어 코그모', 'KogMaw_6.jpg']","['쥬라기 코그모', 'KogMaw_7.jpg']","['전투 기계 코그모', 'KogMaw_8.jpg']","['코그멍', 'KogMaw_9.jpg']","['마법공학 코그모', 'KogMaw_10.jpg']","['비전 마법사 코그모', 'KogMaw_19.jpg']","['꿀잼 코그모', 'KogMaw_28.jpg']","['찌릿 코그모', 'KogMaw_37.jpg']",,,,,,
65,7,Leblanc.png,LeBlancP.png,['LeblancQ.png'],['LeblancW.png'],['LeblancE.png'],['LeblancR.png'],"['default', 'Leblanc_0.jpg']","['사악한 르블랑', 'Leblanc_1.jpg']","['마술사 르블랑', 'Leblanc_2.jpg']","['산타 르블랑', 'Leblanc_3.jpg']","['까마귀 환영 르블랑', 'Leblanc_4.jpg']","['나무정령 르블랑', 'Leblanc_5.jpg']","['프로그램 르블랑', 'Leblanc_12.jpg']","['iG 르블랑', 'Leblanc_19.jpg']","['악의 여단 르블랑', 'Leblanc_20.jpg']","['챔피언십 르블랑', 'Leblanc_29.jpg']","['프레스티지 악의 여단 르블랑', 'Leblanc_33.jpg']","['연미복 르블랑', 'Leblanc_35.jpg']","['마녀 르블랑', 'Leblanc_45.jpg']",,,,,,,
66,64,LeeSin.png,LeeSinPassive.png,['BlindMonkQOne.png'],['BlindMonkWOne.png'],['BlindMonkEOne.png'],['BlindMonkRKick.png'],"['default', 'LeeSin_0.jpg']","['(구) 리 신', 'LeeSin_1.jpg']","['수행사제 리 신', 'LeeSin_2.jpg']","['용의 권 리 신', 'LeeSin_3.jpg']","['무에타이 리 신', 'LeeSin_4.jpg']","['수영장 파티 리 신', 'LeeSin_5.jpg']","['SKT T1 리 신', 'LeeSin_6.jpg']","['K.O. 펀치 리 신', 'LeeSin_10.jpg']","['신의 권 리 신', 'LeeSin_11.jpg']","['플레이메이커 리 신', 'LeeSin_12.jpg']","['어둠의 인도자 리 신', 'LeeSin_27.jpg']","['프레스티지 어둠의 인도자 리 신', 'LeeSin_28.jpg']","['FPX 리 신', 'LeeSin_29.jpg']","['폭풍용 리 신', 'LeeSin_31.jpg']","['프레스티지 어둠의 인도자 리 신 (2022)', 'LeeSin_39.jpg']","['한계 돌파 리 신', 'LeeSin_41.jpg']",,,,
67,89,Leona.png,LeonaSunlight.png,['LeonaShieldOfDaybreak.png'],['LeonaSolarBarrier.png'],['LeonaZenithBlade.png'],['LeonaSolarFlare.png'],"['default', 'Leona_0.jpg']","['발키리 레오나', 'Leona_1.jpg']","['수호자 레오나', 'Leona_2.jpg']","['강철의 솔라리 레오나', 'Leona_3.jpg']","['수영장 파티 레오나', 'Leona_4.jpg']","['프로젝트: 레오나', 'Leona_8.jpg']","['불판 레오나', 'Leona_9.jpg']","['해를 삼킨 레오나', 'Leona_10.jpg']","['달을 삼킨 레오나', 'Leona_11.jpg']","['메카 삼국 레오나', 'Leona_12.jpg']","['전투사관학교 레오나', 'Leona_21.jpg']","['DWG 레오나', 'Leona_22.jpg']","['프레스티지 전투사관학교 레오나', 'Leona_23.jpg']","['연미복 레오나', 'Leona_33.jpg']","['하이 눈 레오나', 'Leona_34.jpg']",,,,,
68,876,Lillia.png,Lillia_Icon_Passive.png,['LilliaQ.png'],['LilliaW.png'],['LilliaE.png'],['LilliaR.png'],"['default', 'Lillia_0.jpg']","['영혼의 꽃 릴리아', 'Lillia_1.jpg']","['어둠의 인도자 릴리아', 'Lillia_10.jpg']",,,,,,,,,,,,,,,,,
69,127,Lissandra.png,Lissandra_Passive.png,['LissandraQ.png'],['LissandraW.png'],['LissandraE.png'],['LissandraR.png'],"['default', 'Lissandra_0.jpg']","['혈석 리산드라', 'Lissandra_1.jpg']","['서슬 여왕 리산드라', 'Lissandra_2.jpg']","['프로그램 리산드라', 'Lissandra_3.jpg']","['악의 여단 리산드라', 'Lissandra_4.jpg']","['암흑 우주 리산드라', 'Lissandra_12.jpg']","['도자기 리산드라', 'Lissandra_23.jpg']","['프레스티지 도자기 리산드라', 'Lissandra_33.jpg']","['우주 그루브 리산드라', 'Lissandra_34.jpg']",,,,,,,,,,,
70,236,Lucian.png,Lucian_Passive.png,['LucianQ.png'],['LucianW.png'],['LucianE.png'],['LucianR.png'],"['default', 'Lucian_0.jpg']","['용병 루시안', 'Lucian_1.jpg']","['스트라이커 루시안', 'Lucian_2.jpg']","['프로젝트: 루시안', 'Lucian_6.jpg']","['사랑의 추적자 루시안', 'Lucian_7.jpg']","['하이 눈 루시안', 'Lucian_8.jpg']","['데마시아 강력반 루시안', 'Lucian_9.jpg']","['펄스 건 루시안', 'Lucian_18.jpg']","['프레스티지 펄스 건 루시안', 'Lucian_19.jpg']","['승리의 루시안', 'Lucian_25.jpg']","['아르카나 루시안', 'Lucian_31.jpg']","['타격대 용사 루시안', 'Lucian_40.jpg']",,,,,,,,
71,117,Lulu.png,Lulu_PixFaerieCompanion.png,['LuluQ.png'],['LuluW.png'],['LuluE.png'],['LuluR.png'],"['default', 'Lulu_0.jpg']","['달콤 쌉싸름한 룰루', 'Lulu_1.jpg']","['마녀 룰루', 'Lulu_2.jpg']","['용 조련사 룰루', 'Lulu_3.jpg']","['겨울 동화 룰루', 'Lulu_4.jpg']","['수영장 파티 룰루', 'Lulu_5.jpg']","['별 수호자 룰루', 'Lulu_6.jpg']","['우주의 마법사 룰루', 'Lulu_14.jpg']","['파자마 수호자 룰루', 'Lulu_15.jpg']","['우주 그루브 룰루', 'Lulu_26.jpg']","['프레스티지 우주 그루브 룰루', 'Lulu_27.jpg']","['괴물 조련사 룰루', 'Lulu_37.jpg']",,,,,,,,
72,99,Lux.png,LuxIlluminatingFraulein.png,['LuxLightBinding.png'],['LuxPrismaticWave.png'],['LuxLightStrikeKugel.png'],['LuxR.png'],"['default', 'Lux_0.jpg']","['마법사 럭스', 'Lux_1.jpg']","['마법도둑 럭스', 'Lux_2.jpg']","['특공대 럭스', 'Lux_3.jpg']","['제국군 럭스', 'Lux_4.jpg']","['강철 군단 럭스', 'Lux_5.jpg']","['별 수호자 럭스', 'Lux_6.jpg']","['원소술사 럭스', 'Lux_7.jpg']","['달빛 여왕 럭스', 'Lux_8.jpg']","['파자마 수호자 럭스', 'Lux_14.jpg']","['전투사관학교 럭스', 'Lux_15.jpg']","['프레스티지 전투사관학교 럭스', 'Lux_16.jpg']","['암흑 우주 럭스', 'Lux_17.jpg']","['우주 럭스', 'Lux_18.jpg']","['우주 그루브 럭스', 'Lux_19.jpg']","['도자기 럭스', 'Lux_29.jpg']","['프레스티지 전투사관학교 럭스 (2022)', 'Lux_39.jpg']","['프레스티지 도자기 럭스', 'Lux_40.jpg']","['창공 럭스', 'Lux_42.jpg']",
73,54,Malphite.png,Malphite_GraniteShield.png,['SeismicShard.png'],['Obduracy.png'],['Landslide.png'],['UFSlash.png'],"['default', 'Malphite_0.jpg']","['토끼풀 말파이트', 'Malphite_1.jpg']","['산호초 말파이트', 'Malphite_2.jpg']","['대리석 말파이트', 'Malphite_3.jpg']","['흑요석 말파이트', 'Malphite_4.jpg']","['빙하의 말파이트', 'Malphite_5.jpg']","['메카 말파이트', 'Malphite_6.jpg']","['철갑병기 말파이트', 'Malphite_7.jpg']","['오디세이 말파이트', 'Malphite_16.jpg']","['암흑의 별 말파이트', 'Malphite_23.jpg']","['프레스티지 암흑의 별 말파이트', 'Malphite_24.jpg']","['FPX 말파이트', 'Malphite_25.jpg']","['고대 신 말파이트', 'Malphite_27.jpg']","['달빛 수호자 말파이트', 'Malphite_37.jpg']",,,,,,
74,90,Malzahar.png,Malzahar_Passive.png,['MalzaharQ.png'],['MalzaharW.png'],['MalzaharE.png'],['MalzaharR.png'],"['default', 'Malzahar_0.jpg']","['술탄 말자하', 'Malzahar_1.jpg']","['그림자 왕자 말자하', 'Malzahar_2.jpg']","['램프의 요정 말자하', 'Malzahar_3.jpg']","['지배자 말자하', 'Malzahar_4.jpg']","['눈싸움 달인 말자하', 'Malzahar_5.jpg']","['중간보스 말자하', 'Malzahar_6.jpg']","['마법공학 말자하', 'Malzahar_7.jpg']","['파괴의 신 말자하', 'Malzahar_9.jpg']","['꿀잼 말자하', 'Malzahar_18.jpg']","['연미복 말자하', 'Malzahar_28.jpg']","['세 가지 명예 말자하', 'Malzahar_38.jpg']",,,,,,,,
75,57,Maokai.png,Maokai_Passive.png,['MaokaiQ.png'],['MaokaiW.png'],['MaokaiE.png'],['MaokaiR.png'],"['default', 'Maokai_0.jpg']","['그을린 마오카이', 'Maokai_1.jpg']","['토템 마오카이', 'Maokai_2.jpg']","['눈맞이 축제 마오카이', 'Maokai_3.jpg']","['악령 마오카이', 'Maokai_4.jpg']","['골키퍼 마오카이', 'Maokai_5.jpg']","['냐옹카이', 'Maokai_6.jpg']","['승리의 마오카이', 'Maokai_7.jpg']","['파괴의 신 마오카이', 'Maokai_16.jpg']","['우주비행사 마오카이', 'Maokai_24.jpg']",,,,,,,,,,
76,11,MasterYi.png,MasterYi_Passive1.png,['AlphaStrike.png'],['Meditate.png'],['WujuStyle.png'],['Highlander.png'],"['default', 'MasterYi_0.jpg']","['암살자 마스터 이', 'MasterYi_1.jpg']","['선택받은 마스터 이', 'MasterYi_2.jpg']","['아이오니아 마스터 이', 'MasterYi_3.jpg']","['사무라이 마스터 이', 'MasterYi_4.jpg']","['인간사냥꾼 마스터 이', 'MasterYi_5.jpg']","['프로젝트: 이', 'MasterYi_9.jpg']","['우주 검객 마스터 이', 'MasterYi_10.jpg']","['불멸의 영웅 마스터 이', 'MasterYi_11.jpg']","['눈사람 마스터 이', 'MasterYi_17.jpg']","['핏빛달 마스터 이', 'MasterYi_24.jpg']","['초능력특공대 마스터 이', 'MasterYi_33.jpg']","['연미복 마스터 이', 'MasterYi_42.jpg']","['영혼의 꽃 마스터 이', 'MasterYi_52.jpg']","['프레스티지 영혼의 꽃 마스터 이', 'MasterYi_53.jpg']",,,,,
77,902,Milio.png,Milio_P.Milio.png,['MilioQ.png'],['MilioW.png'],['MilioE.png'],['MilioR.png'],"['default', 'Milio_0.jpg']","['요정 왕국 밀리오', 'Milio_1.jpg']",,,,,,,,,,,,,,,,,,
78,21,MissFortune.png,MissFortune_W.png,['MissFortuneRicochetShot.png'],['MissFortuneViciousStrikes.png'],['MissFortuneScattershot.png'],['MissFortuneBulletTime.png'],"['default', 'MissFortune_0.jpg']","['카우걸 미스 포츈', 'MissFortune_1.jpg']","['워털루 미스 포츈', 'MissFortune_2.jpg']","['비밀요원 미스 포츈', 'MissFortune_3.jpg']","['막대사탕 미스 포츈', 'MissFortune_4.jpg']","['로드워리어 미스 포츈', 'MissFortune_5.jpg']","['범죄 도시 미스 포츈', 'MissFortune_6.jpg']","['아케이드 미스 포츈', 'MissFortune_7.jpg']","['캡틴 미스 포츈', 'MissFortune_8.jpg']","['수영장 파티 미스 포츈', 'MissFortune_9.jpg']","['별 수호자 미스 포츈', 'MissFortune_15.jpg']","['기동총격여신 미스 포츈', 'MissFortune_16.jpg']","['파자마 수호자 미스 포츈', 'MissFortune_17.jpg']","['마녀 미스 포츈', 'MissFortune_18.jpg']","['프레스티지 마녀 미스 포츈', 'MissFortune_20.jpg']","['몰락한 미스 포츈', 'MissFortune_21.jpg']","['전투 토끼 미스 포츈', 'MissFortune_31.jpg']","['프레스티지 마녀 미스 포츈 (2022)', 'MissFortune_33.jpg']","['깨진 언약 미스 포츈', 'MissFortune_40.jpg']","['프레스티지 깨진 언약 미스 포츈', 'MissFortune_41.jpg']"
79,62,MonkeyKing.png,MonkeyKingStoneSkin.png,['MonkeyKingDoubleAttack.png'],['MonkeyKingDecoy.png'],['MonkeyKingNimbus.png'],['MonkeyKingSpinToWin.png'],"['default', 'MonkeyKing_0.jpg']","['불원숭이 오공', 'MonkeyKing_1.jpg']","['제천대성 오공', 'MonkeyKing_2.jpg']","['수룡 오공', 'MonkeyKing_3.jpg']","['언더월드 오공', 'MonkeyKing_4.jpg']","['찬란한 오공', 'MonkeyKing_5.jpg']","['안개의 창기병 오공', 'MonkeyKing_6.jpg']","['전투사관학교 오공', 'MonkeyKing_7.jpg']",,,,,,,,,,,,
80,82,Mordekaiser.png,MordekaiserPassive.png,['MordekaiserQ.png'],['MordekaiserW.png'],['MordekaiserE.png'],['MordekaiserR.png'],"['default', 'Mordekaiser_0.jpg']","['용기사 모데카이저', 'Mordekaiser_1.jpg']","['지옥의 모데카이저', 'Mordekaiser_2.jpg']","['펜타킬 모데카이저', 'Mordekaiser_3.jpg']","['모데카이저 경', 'Mordekaiser_4.jpg']","['클로버의 킹 모데카이저', 'Mordekaiser_5.jpg']","['암흑의 별 모데카이저', 'Mordekaiser_6.jpg']","['프로젝트: 모데카이저', 'Mordekaiser_13.jpg']","['펜타킬 III: 사라진 양피지 모데카이저', 'Mordekaiser_23.jpg']","['하이 눈 모데카이저', 'Mordekaiser_32.jpg']","['재의 파멸기사 모데카이저', 'Mordekaiser_42.jpg']",,,,,,,,,
81,25,Morgana.png,FallenAngel_Empathize.png,['MorganaQ.png'],['MorganaW.png'],['MorganaE.png'],['MorganaR.png'],"['default', 'Morgana_0.jpg']","['추방당한 모르가나', 'Morgana_1.jpg']","['제빵여왕 모르가나', 'Morgana_2.jpg']","['칼날천사 모르가나', 'Morgana_3.jpg']","['검은 가시 모르가나', 'Morgana_4.jpg']","['유령 신부 모르가나', 'Morgana_5.jpg']","['승리의 모르가나', 'Morgana_6.jpg']","['달빛 악령 모르가나', 'Morgana_10.jpg']","['마녀 모르가나', 'Morgana_11.jpg']","['불멸의 영웅 모르가나', 'Morgana_17.jpg']","['악의 여단 모르가나', 'Morgana_26.jpg']","['빛의 인도자 모르가나', 'Morgana_39.jpg']","['프레스티지 마녀 모르가나', 'Morgana_41.jpg']","['별의 숙적 모르가나', 'Morgana_50.jpg']",,,,,,
82,267,Nami.png,NamiPassive.png,['NamiQ.png'],['NamiW.png'],['NamiE.png'],['NamiR.png'],"['default', 'Nami_0.jpg']","['비단인어 나미', 'Nami_1.jpg']","['강의 정령 나미', 'Nami_2.jpg']","['바다나미 우르프', 'Nami_3.jpg']","['깊은 바다 나미', 'Nami_7.jpg']","['SKT T1 나미', 'Nami_8.jpg']","['프로그램 나미', 'Nami_9.jpg']","['불멸의 영웅 나미', 'Nami_15.jpg']","['우주의 운명 나미', 'Nami_24.jpg']","['마녀 나미', 'Nami_32.jpg']","['우주 그루브 나미', 'Nami_41.jpg']","['프레스티지 우주 그루브 나미', 'Nami_42.jpg']",,,,,,,,
83,75,Nasus.png,Nasus_Passive.png,['NasusQ.png'],['NasusW.png'],['NasusE.png'],['NasusR.png'],"['default', 'Nasus_0.jpg']","['은하계 나서스', 'Nasus_1.jpg']","['파라오 나서스', 'Nasus_2.jpg']","['공포의 기사 나서스', 'Nasus_3.jpg']","['라이엇 경찰견 나서스', 'Nasus_4.jpg']","['지옥의 나서스', 'Nasus_5.jpg']","['나서스 견공', 'Nasus_6.jpg']","['파괴의 신 나서스', 'Nasus_10.jpg']","['달빛 수호자 나서스', 'Nasus_11.jpg']","['전투 기계 나서스', 'Nasus_16.jpg']","['우주 그루브 나서스', 'Nasus_25.jpg']","['중무장 거인 나서스', 'Nasus_35.jpg']","['어둠의 인도자 나서스', 'Nasus_45.jpg']",,,,,,,
84,111,Nautilus.png,Nautilus_StaggeringBlow.png,['NautilusAnchorDrag.png'],['NautilusPiercingGaze.png'],['NautilusSplashZone.png'],['NautilusGrandLine.png'],"['default', 'Nautilus_0.jpg']","['아틀란티스 노틸러스', 'Nautilus_1.jpg']","['지하 세계 노틸러스', 'Nautilus_2.jpg']","['우주비행사 노틸러스', 'Nautilus_3.jpg']","['심판자 노틸러스', 'Nautilus_4.jpg']","['파괴의 신 노틸러스', 'Nautilus_5.jpg']","['정복자 노틸러스', 'Nautilus_6.jpg']","['전설의 산수화 노틸러스', 'Nautilus_9.jpg']","['공포의 밤 노틸러스', 'Nautilus_18.jpg']",,,,,,,,,,,
85,518,Neeko.png,Neeko_P.png,['NeekoQ.png'],['NeekoW.png'],['NeekoE.png'],['NeekoR.png'],"['default', 'Neeko_0.jpg']","['겨울 동화 니코', 'Neeko_1.jpg']","['별 수호자 니코', 'Neeko_10.jpg']","['프레스티지 별 수호자 니코', 'Neeko_11.jpg']","['전설의 산수화 니코', 'Neeko_12.jpg']","['프레스티지 별 수호자 니코 (2022)', 'Neeko_21.jpg']","['마녀 니코', 'Neeko_22.jpg']",,,,,,,,,,,,,
86,76,Nidalee.png,Nidalee_Passive.png,['JavelinToss.png'],['Bushwhack.png'],['PrimalSurge.png'],['AspectOfTheCougar.png'],"['default', 'Nidalee_0.jpg']","['눈토끼 니달리', 'Nidalee_1.jpg']","['표범 니달리', 'Nidalee_2.jpg']","['프랑스 메이드 니달리', 'Nidalee_3.jpg']","['파라오 니달리', 'Nidalee_4.jpg']","['마녀 니달리', 'Nidalee_5.jpg']","['인간사냥꾼 니달리', 'Nidalee_6.jpg']","['대장군 니달리', 'Nidalee_7.jpg']","['도전자 니달리', 'Nidalee_8.jpg']","['슈퍼 갤럭시 니달리', 'Nidalee_9.jpg']","['빛의 인도자 니달리', 'Nidalee_11.jpg']","['우주 사냥꾼 니달리', 'Nidalee_18.jpg']","['DWG 니달리', 'Nidalee_27.jpg']","['바다의 노래 니달리', 'Nidalee_29.jpg']","['니달리냥', 'Nidalee_39.jpg']",,,,,
87,895,Nilah.png,NIlahP.Nilah.png,['NilahQ.png'],['NilahW.png'],['NilahE.png'],['NilahR.png'],"['default', 'Nilah_0.jpg']","['별 수호자 닐라', 'Nilah_1.jpg']",,,,,,,,,,,,,,,,,,
88,56,Nocturne.png,Nocturne_UmbraBlades.png,['NocturneDuskbringer.png'],['NocturneShroudofDarkness.png'],['NocturneUnspeakableHorror.png'],['NocturneParanoia.png'],"['default', 'Nocturne_0.jpg']","['얼어붙은 공포 녹턴', 'Nocturne_1.jpg']","['공허의 녹턴', 'Nocturne_2.jpg']","['약탈자 녹턴', 'Nocturne_3.jpg']","['유령 녹턴', 'Nocturne_4.jpg']","['이터늄 녹턴', 'Nocturne_5.jpg']","['저주받은 망령 녹턴', 'Nocturne_6.jpg']","['고대 신 녹턴', 'Nocturne_7.jpg']","['마법공학 녹턴', 'Nocturne_16.jpg']","['깨진 언약 녹턴', 'Nocturne_17.jpg']",,,,,,,,,,
89,20,Nunu.png,NunuPassive.png,['NunuQ.png'],['NunuW.png'],['NunuE.png'],['NunuR.png'],"['default', 'Nunu_0.jpg']","['바야바 누누와 윌럼프', 'Nunu_1.jpg']","['산타작업실 누누와 윌럼프', 'Nunu_2.jpg']","['폭신폭신 누누와 윌럼프', 'Nunu_3.jpg']","['누누와 윌럼프 봇', 'Nunu_4.jpg']","['공성병 누누와 윌럼프', 'Nunu_5.jpg']","['TPA 누누와 윌럼프', 'Nunu_6.jpg']","['좀비 누누와 윌럼프', 'Nunu_7.jpg']","['종이로 접은 누누와 윌럼프', 'Nunu_8.jpg']","['우주 그루브 누누와 윌럼프', 'Nunu_16.jpg']","['꿀잼 누누와 윌럼프', 'Nunu_26.jpg']",,,,,,,,,
90,2,Olaf.png,Olaf_Passive.png,['OlafAxeThrowCast.png'],['OlafFrenziedStrikes.png'],['OlafRecklessStrike.png'],['OlafRagnarok.png'],"['default', 'Olaf_0.jpg']","['악에 물든 올라프', 'Olaf_1.jpg']","['빙하의 올라프', 'Olaf_2.jpg']","['올라프 형씨', 'Olaf_3.jpg']","['펜타킬 올라프', 'Olaf_4.jpg']","['습격자 올라프', 'Olaf_5.jpg']","['푸줏간 올라프', 'Olaf_6.jpg']","['SKT T1 올라프', 'Olaf_15.jpg']","['용 사냥꾼 올라프', 'Olaf_16.jpg']","['감시자 올라프', 'Olaf_25.jpg']","['펜타킬 III: 사라진 양피지 올라프', 'Olaf_35.jpg']",,,,,,,,,
91,61,Orianna.png,OriannaPassive.png,['OrianaIzunaCommand.png'],['OrianaDissonanceCommand.png'],['OrianaRedactCommand.png'],['OrianaDetonateCommand.png'],"['default', 'Orianna_0.jpg']","['고스족 오리아나', 'Orianna_1.jpg']","['혼돈의 인형 오리아나', 'Orianna_2.jpg']","['암살 인형 오리아나', 'Orianna_3.jpg']","['TPA 오리아나', 'Orianna_4.jpg']","['겨울 동화 오리아나', 'Orianna_5.jpg']","['사랑의 추적자 오리아나', 'Orianna_6.jpg']","['암흑의 별 오리아나', 'Orianna_7.jpg']","['승리의 오리아나', 'Orianna_8.jpg']","['수영장 파티 오리아나', 'Orianna_11.jpg']","['꿀잼 오리아나', 'Orianna_20.jpg']",,,,,,,,,
92,516,Ornn.png,OrnnP.png,['OrnnQ.png'],['OrnnW.png'],['OrnnE.png'],['OrnnR.png'],"['default', 'Ornn_0.jpg']","['천둥 군주 오른', 'Ornn_1.jpg']","['나무정령 오른', 'Ornn_2.jpg']","['우주 그루브 오른', 'Ornn_11.jpg']",,,,,,,,,,,,,,,,
93,80,Pantheon.png,Pantheon_Passive.png,['PantheonQ.png'],['PantheonW.png'],['PantheonE.png'],['PantheonR.png'],"['default', 'Pantheon_0.jpg']","['미르미돈 판테온', 'Pantheon_1.jpg']","['무자비한 판테온', 'Pantheon_2.jpg']","['페르세우스 판테온', 'Pantheon_3.jpg']","['강철의 판테온', 'Pantheon_4.jpg']","['언월도 판테온', 'Pantheon_5.jpg']","['용 사냥꾼 판테온', 'Pantheon_6.jpg']","['좀비 슬레이어 판테온', 'Pantheon_7.jpg']","['빵테온', 'Pantheon_8.jpg']","['펄스 건 판테온', 'Pantheon_16.jpg']","['몰락한 판테온', 'Pantheon_25.jpg']","['프레스티지 초월한 판테온', 'Pantheon_26.jpg']","['재의 정복자 판테온', 'Pantheon_36.jpg']",,,,,,,
94,78,Poppy.png,Poppy_Passive.png,['PoppyQ.png'],['PoppyW.png'],['PoppyE.png'],['PoppyR.png'],"['default', 'Poppy_0.jpg']","['녹서스 뽀삐', 'Poppy_1.jpg']","['롤리뽀삐', 'Poppy_2.jpg']","['대장장이 뽀삐', 'Poppy_3.jpg']","['봉제인형 뽀삐', 'Poppy_4.jpg']","['전투 예복 뽀삐', 'Poppy_5.jpg']","['붉은 망치 뽀삐', 'Poppy_6.jpg']","['별 수호자 뽀삐', 'Poppy_7.jpg']","['눈꽃사슴 뽀삐', 'Poppy_14.jpg']","['마법공학 뽀삐', 'Poppy_15.jpg']","['우주비행사 뽀삐', 'Poppy_16.jpg']","['마녀 뽀삐', 'Poppy_24.jpg']",,,,,,,,
95,555,Pyke.png,PykePassive.png,['PykeQ.png'],['PykeW.png'],['PykeE.png'],['PykeR.png'],"['default', 'Pyke_0.jpg']","['모래유령 파이크', 'Pyke_1.jpg']","['핏빛달 파이크', 'Pyke_9.jpg']","['프로젝트: 파이크', 'Pyke_16.jpg']","['초능력특공대 파이크', 'Pyke_25.jpg']","['감시자 파이크', 'Pyke_34.jpg']","['재의 기사 파이크', 'Pyke_44.jpg']","['창공 파이크', 'Pyke_45.jpg']",,,,,,,,,,,,
96,246,Qiyana.png,Qiyana_Passive.png,['QiyanaQ.png'],['QiyanaW.png'],['QiyanaE.png'],['QiyanaR.png'],"['default', 'Qiyana_0.jpg']","['중간보스 키아나', 'Qiyana_1.jpg']","['True Damage 키아나', 'Qiyana_2.jpg']","['프레스티지 True Damage 키아나', 'Qiyana_10.jpg']","['전투 여왕 키아나', 'Qiyana_11.jpg']","['칼날폭풍 키아나', 'Qiyana_20.jpg']","['프레스티지 True Damage 키아나 (2022)', 'Qiyana_21.jpg']","['달빛 여왕 키아나', 'Qiyana_30.jpg']",,,,,,,,,,,,
97,133,Quinn.png,Quinn_Passive.png,['QuinnQ.png'],['QuinnW.png'],['QuinnE.png'],['QuinnR.png'],"['default', 'Quinn_0.jpg']","['불사조 퀸', 'Quinn_1.jpg']","['북방 정찰대 퀸', 'Quinn_2.jpg']","['해적 퀸', 'Quinn_3.jpg']","['사랑의 추적자 퀸', 'Quinn_4.jpg']","['심판자 퀸', 'Quinn_5.jpg']","['별 수호자 퀸', 'Quinn_14.jpg']",,,,,,,,,,,,,
98,497,Rakan.png,Rakan_P.png,['RakanQ.png'],['RakanW.png'],['RakanE.png'],['RakanR.png'],"['default', 'Rakan_0.jpg']","['여명 우주 라칸', 'Rakan_1.jpg']","['사랑의 라칸', 'Rakan_2.jpg']","['삼성 갤럭시 라칸', 'Rakan_3.jpg']","['iG 라칸', 'Rakan_4.jpg']","['별 수호자 라칸', 'Rakan_5.jpg']","['나무정령 라칸', 'Rakan_9.jpg']","['아르카나 라칸', 'Rakan_18.jpg']","['깨진 언약 라칸', 'Rakan_27.jpg']",,,,,,,,,,,
99,33,Rammus.png,Armordillo_ScavengeArmor.png,['PowerBall.png'],['DefensiveBallCurl.png'],['PuncturingTaunt.png'],['Tremors2.png'],"['default', 'Rammus_0.jpg']","['람머스 왕', 'Rammus_1.jpg']","['크롬 람머스', 'Rammus_2.jpg']","['용암 람머스', 'Rammus_3.jpg']","['프렐요드 람머스', 'Rammus_4.jpg']","['닌자 람머스', 'Rammus_5.jpg']","['풀 메탈 람머스', 'Rammus_6.jpg']","['사막의 수호자 람머스', 'Rammus_7.jpg']","['리베로 람머스', 'Rammus_8.jpg']","['마법공학 람머스', 'Rammus_16.jpg']","['우주비행사 람머스', 'Rammus_17.jpg']",,,,,,,,,
100,421,RekSai.png,RekSai_Passive.png,['RekSaiQ.png'],['RekSaiW.png'],['RekSaiE.png'],['RekSaiRWrapper.png'],"['default', 'RekSai_0.jpg']","['이터늄 렉사이', 'RekSai_1.jpg']","['수영장 파티 렉사이', 'RekSai_2.jpg']","['어둠서리 렉사이', 'RekSai_9.jpg']","['나무정령 렉사이', 'RekSai_17.jpg']",,,,,,,,,,,,,,,
101,526,Rell.png,RellP.png,['RellQ.png'],['RellW_Dismount.png'],['RellE.png'],['RellR.png'],"['default', 'Rell_0.jpg']","['전투 여왕 렐', 'Rell_1.jpg']","['별 수호자 렐', 'Rell_10.jpg']",,,,,,,,,,,,,,,,,
102,888,Renata.png,Renata_P.png,['RenataQ.png'],['RenataW.png'],['RenataE.png'],['RenataR.png'],"['default', 'Renata_0.jpg']","['제독 글라스크', 'Renata_1.jpg']","['공포의 밤 레나타 글라스크', 'Renata_10.jpg']",,,,,,,,,,,,,,,,,
103,58,Renekton.png,Renekton_Passive.png,['RenektonCleave.png'],['RenektonPreExecute.png'],['RenektonSliceAndDice.png'],['RenektonReignOfTheTyrant.png'],"['default', 'Renekton_0.jpg']","['은하계 레넥톤', 'Renekton_1.jpg']","['아웃백 레넥톤', 'Renekton_2.jpg']","['핏빛 분노 레넥톤', 'Renekton_3.jpg']","['룬 전쟁 레넥톤', 'Renekton_4.jpg']","['용광로 레넥톤', 'Renekton_5.jpg']","['수영장 파티 레넥톤', 'Renekton_6.jpg']","['선사시대 레넥톤', 'Renekton_7.jpg']","['SKT T1 레넥톤', 'Renekton_8.jpg']","['레넥토이', 'Renekton_9.jpg']","['마법공학 레넥톤', 'Renekton_17.jpg']","['어둠서리 레넥톤', 'Renekton_18.jpg']","['프로젝트: 레넥톤', 'Renekton_26.jpg']","['빛의 인도자 레넥톤', 'Renekton_33.jpg']",,,,,,
104,107,Rengar.png,Rengar_P.png,['RengarQ.png'],['RengarW.png'],['RengarE.png'],['RengarR.png'],"['default', 'Rengar_0.jpg']","['인간사냥꾼 렝가', 'Rengar_1.jpg']","['암흑 사냥꾼 렝가', 'Rengar_2.jpg']","['삼성 화이트 렝가', 'Rengar_3.jpg']","['메카 렝가', 'Rengar_8.jpg']","['렝가냥이', 'Rengar_15.jpg']","['사막의 수호자 렝가', 'Rengar_23.jpg']","['감시자 렝가', 'Rengar_30.jpg']",,,,,,,,,,,,
105,92,Riven.png,RivenRunicBlades.png,['RivenTriCleave.png'],['RivenMartyr.png'],['RivenFeint.png'],['RivenFengShuiEngine.png'],"['default', 'Riven_0.jpg']","['구원받은 리븐', 'Riven_1.jpg']","['핏빛 친위대 리븐', 'Riven_2.jpg']","['전투 토끼 리븐', 'Riven_3.jpg']","['챔피언십 리븐', 'Riven_4.jpg']","['화룡검 리븐', 'Riven_5.jpg']","['아케이드 리븐', 'Riven_6.jpg']","['2016 챔피언십 리븐', 'Riven_7.jpg']","['빛의 인도자 리븐', 'Riven_16.jpg']","['펄스 건 리븐', 'Riven_18.jpg']","['불멸의 영웅 리븐', 'Riven_20.jpg']","['프레스티지 불멸의 영웅 리븐', 'Riven_22.jpg']","['영혼의 꽃 리븐', 'Riven_23.jpg']","['감시자 리븐', 'Riven_34.jpg']","['전투 토끼 프라임 리븐', 'Riven_44.jpg']","['프레스티지 불멸의 영웅 리븐 (2022)', 'Riven_45.jpg']","['깨진 언약 리븐', 'Riven_55.jpg']",,,
106,68,Rumble.png,Rumble_JunkyardTitan1.png,['RumbleFlameThrower.png'],['RumbleShield.png'],['RumbleGrenade.png'],['RumbleCarpetBomb.png'],"['default', 'Rumble_0.jpg']","['정글 속 럼블', 'Rumble_1.jpg']","['빌지워터 럼블', 'Rumble_2.jpg']","['슈퍼 갤럭시 럼블', 'Rumble_3.jpg']","['황야의 폭주족 럼블', 'Rumble_4.jpg']","['우주 그루브 럼블', 'Rumble_13.jpg']",,,,,,,,,,,,,,
107,13,Ryze.png,Ryze_P.png,['RyzeQWrapper.png'],['RyzeW.png'],['RyzeE.png'],['RyzeR.png'],"['default', 'Ryze_0.jpg']","['인간 라이즈', 'Ryze_1.jpg']","['제사장 라이즈', 'Ryze_2.jpg']","['엉클샘 라이즈', 'Ryze_3.jpg']","['승리의 라이즈', 'Ryze_4.jpg']","['라이즈 교수님', 'Ryze_5.jpg']","['좀비 라이즈', 'Ryze_6.jpg']","['암흑 수정 라이즈', 'Ryze_7.jpg']","['해적 라이즈', 'Ryze_8.jpg']","['백색의 라이즈', 'Ryze_9.jpg']","['SKT T1 라이즈', 'Ryze_10.jpg']","['챔피언십 라이즈', 'Ryze_11.jpg']","['사막의 수호자 라이즈', 'Ryze_13.jpg']","['아르카나 라이즈', 'Ryze_20.jpg']",,,,,,
108,360,Samira.png,SamiraP.png,['SamiraQ.png'],['SamiraW.png'],['SamiraE.png'],['SamiraR.png'],"['default', 'Samira_0.jpg']","['초능력특공대 사미라', 'Samira_1.jpg']","['우주 그루브 사미라', 'Samira_10.jpg']","['하이 눈 사미라', 'Samira_20.jpg']",,,,,,,,,,,,,,,,
109,113,Sejuani.png,Sejuani_passive.png,['SejuaniQ.png'],['SejuaniW.png'],['SejuaniE.png'],['SejuaniR.png'],"['default', 'Sejuani_0.jpg']","['칼날 어금니 세주아니', 'Sejuani_1.jpg']","['암흑 기수 세주아니', 'Sejuani_2.jpg']","['(구) 세주아니', 'Sejuani_3.jpg']","['곰 기병 세주아니', 'Sejuani_4.jpg']","['포로를 탄 세주아니', 'Sejuani_5.jpg']","['괴물 사냥꾼 세주아니', 'Sejuani_6.jpg']","['여명추적자 세주아니', 'Sejuani_7.jpg']","['불꽃놀이 세주아니', 'Sejuani_8.jpg']","['마법공학 세주아니', 'Sejuani_15.jpg']","['프로젝트: 세주아니', 'Sejuani_16.jpg']","['해를 삼킨 세주아니', 'Sejuani_26.jpg']","['승리의 세주아니', 'Sejuani_36.jpg']",,,,,,,
110,235,Senna.png,Senna_Passive.png,['SennaQ.png'],['SennaW.png'],['SennaE.png'],['SennaR.png'],"['default', 'Senna_0.jpg']","['True Damage 세나', 'Senna_1.jpg']","['프레스티지 True Damage 세나', 'Senna_9.jpg']","['하이 눈 세나', 'Senna_10.jpg']","['프로젝트: 세나', 'Senna_16.jpg']","['달을 삼킨 세나', 'Senna_26.jpg']","['프레스티지 달을 삼킨 세나', 'Senna_27.jpg']","['마녀 세나', 'Senna_36.jpg']",,,,,,,,,,,,
111,147,Seraphine.png,Seraphine_Passive.png,['SeraphineQ.png'],['SeraphineW.png'],['SeraphineE.png'],['SeraphineR.png'],"['default', 'Seraphine_0.jpg']","['K/DA ALL OUT 세라핀 인디', 'Seraphine_1.jpg']","['K/DA ALL OUT 세라핀 떠오르는 별', 'Seraphine_2.jpg']","['K/DA ALL OUT 세라핀 슈퍼스타', 'Seraphine_3.jpg']","['우아한 불사조 세라핀', 'Seraphine_4.jpg']","['바다의 노래 세라핀', 'Seraphine_14.jpg']","['프레스티지 바다의 노래 세라핀', 'Seraphine_15.jpg']","['요정 왕국 세라핀', 'Seraphine_24.jpg']",,,,,,,,,,,,
112,875,Sett.png,Sett_P.png,['SettQ.png'],['SettW.png'],['SettE.png'],['SettR.png'],"['default', 'Sett_0.jpg']","['메카 삼국 세트', 'Sett_1.jpg']","['흑요석용 세트', 'Sett_8.jpg']","['프레스티지 흑요석용 세트', 'Sett_9.jpg']","['수영장 파티 세트', 'Sett_10.jpg']","['불꽃놀이 세트', 'Sett_19.jpg']","['영혼의 꽃 세트', 'Sett_38.jpg']",,,,,,,,,,,,,
113,35,Shaco.png,Jester_CarefulStrikes.png,['Deceive.png'],['JackInTheBox.png'],['TwoShivPoison.png'],['HallucinateFull.png'],"['default', 'Shaco_0.jpg']","['이상한 나라의 모자장수 샤코', 'Shaco_1.jpg']","['궁전 어릿광대 샤코', 'Shaco_2.jpg']","['호두까기 샤코', 'Shaco_3.jpg']","['태엽장치 샤코', 'Shaco_4.jpg']","['뒷골목 샤코', 'Shaco_5.jpg']","['신바람 탈 샤코', 'Shaco_6.jpg']","['와일드 카드 샤코', 'Shaco_7.jpg']","['암흑의 별 샤코', 'Shaco_8.jpg']","['비전 마법사 샤코', 'Shaco_15.jpg']","['범죄 도시 악몽 샤코', 'Shaco_23.jpg']","['겨울의 축복 샤코', 'Shaco_33.jpg']",,,,,,,,
114,98,Shen.png,Shen_Passive.png,['ShenQ.png'],['ShenW.png'],['ShenE.png'],['ShenR.png'],"['default', 'Shen_0.jpg']","['얼어붙은 쉔', 'Shen_1.jpg']","['황색자켓 쉔', 'Shen_2.jpg']","['외과의사 쉔', 'Shen_3.jpg']","['핏빛달 쉔', 'Shen_4.jpg']","['무사 쉔', 'Shen_5.jpg']","['TPA 쉔', 'Shen_6.jpg']","['펄스 건 쉔', 'Shen_15.jpg']","['지옥의 쉔', 'Shen_16.jpg']","['초능력특공대 쉔', 'Shen_22.jpg']","['칼날폭풍 쉔', 'Shen_40.jpg']","['재의 수호자 쉔', 'Shen_49.jpg']",,,,,,,,
115,102,Shyvana.png,ShyvanaReinforcedScales.png,['ShyvanaDoubleAttack.png'],['ShyvanaImmolationAura.png'],['ShyvanaFireball.png'],['ShyvanaTransformCast.png'],"['default', 'Shyvana_0.jpg']","['강철 용기사 쉬바나', 'Shyvana_1.jpg']","['뼈갈퀴손 쉬바나', 'Shyvana_2.jpg']","['어둠 불꽃 쉬바나', 'Shyvana_3.jpg']","['서리용 쉬바나', 'Shyvana_4.jpg']","['챔피언십 쉬바나', 'Shyvana_5.jpg']","['슈퍼 갤럭시 쉬바나', 'Shyvana_6.jpg']","['몰락한 쉬바나', 'Shyvana_8.jpg']",,,,,,,,,,,,
116,27,Singed.png,Singed_Passive.png,['PoisonTrail.png'],['MegaAdhesive.png'],['Fling.png'],['InsanityPotion.png'],"['default', 'Singed_0.jpg']","['라이엇 전경 신지드', 'Singed_1.jpg']","['마법공학 신지드', 'Singed_2.jpg']","['서퍼 신지드', 'Singed_3.jpg']","['미친 과학자 신지드', 'Singed_4.jpg']","['강화형 신지드', 'Singed_5.jpg']","['눈싸움 달인 신지드', 'Singed_6.jpg']","['삼성 화이트 신지드', 'Singed_7.jpg']","['암흑의 무법자 신지드', 'Singed_8.jpg']","['벌 수호자 신지드', 'Singed_9.jpg']","['저항군 신지드', 'Singed_10.jpg']","['우주비행사 신지드', 'Singed_19.jpg']",,,,,,,,
117,14,Sion.png,Sion_Passive1.png,['SionQ.png'],['SionW.png'],['SionE.png'],['SionR.png'],"['default', 'Sion_0.jpg']","['마법공학 사이온', 'Sion_1.jpg']","['야만전사 사이온', 'Sion_2.jpg']","['나무꾼 사이온', 'Sion_3.jpg']","['전쟁광 사이온', 'Sion_4.jpg']","['메카 제로 사이온', 'Sion_5.jpg']","['파괴의 신 사이온', 'Sion_14.jpg']","['어둠서리 사이온', 'Sion_22.jpg']","['하이 눈 사이온', 'Sion_30.jpg']",,,,,,,,,,,
118,15,Sivir.png,Sivir_Passive.png,['SivirQ.png'],['SivirW.png'],['SivirE.png'],['SivirR.png'],"['default', 'Sivir_0.jpg']","['전장의 공주 시비르', 'Sivir_1.jpg']","['눈부신 시비르', 'Sivir_2.jpg']","['사냥꾼 시비르', 'Sivir_3.jpg']","['약탈자 시비르', 'Sivir_4.jpg']","['PAX 시비르', 'Sivir_5.jpg']","['눈꽃 시비르', 'Sivir_6.jpg']","['심판자 시비르', 'Sivir_7.jpg']","['승리의 시비르', 'Sivir_8.jpg']","['네오 PAX 시비르', 'Sivir_9.jpg']","['피자 배달원 시비르', 'Sivir_10.jpg']","['핏빛달 시비르', 'Sivir_16.jpg']","['오디세이 시비르', 'Sivir_25.jpg']","['귀염둥이 카페 시비르', 'Sivir_34.jpg']","['해를 삼킨 시비르', 'Sivir_43.jpg']","['신화 창조자 시비르', 'Sivir_50.jpg']","['프레스티지 신화 창조자 시비르', 'Sivir_51.jpg']",,,
119,72,Skarner.png,Skarner_Passive.png,['SkarnerVirulentSlash.png'],['SkarnerExoskeleton.png'],['SkarnerFracture.png'],['SkarnerImpale.png'],"['default', 'Skarner_0.jpg']","['사막의 재앙 스카너', 'Skarner_1.jpg']","['대지룬 스카너', 'Skarner_2.jpg']","['전투 기계 알파 스카너', 'Skarner_3.jpg']","['사막의 수호자 스카너', 'Skarner_4.jpg']","['우주 전갈 스카너', 'Skarner_5.jpg']",,,,,,,,,,,,,,
120,37,Sona.png,Sona_Passive_Charged.png,['SonaQ.png'],['SonaW.png'],['SonaE.png'],['SonaR.png'],"['default', 'Sona_0.jpg']","['음악의 여신 소나', 'Sona_1.jpg']","['펜타킬 소나', 'Sona_2.jpg']","['고요한 밤 소나', 'Sona_3.jpg']","['칠현금 소나', 'Sona_4.jpg']","['아케이드 소나', 'Sona_5.jpg']","['DJ 소나', 'Sona_6.jpg']","['사랑의 소나', 'Sona_7.jpg']","['오디세이 소나', 'Sona_9.jpg']","['초능력특공대 소나', 'Sona_17.jpg']","['펜타킬 III: 사라진 양피지 소나', 'Sona_26.jpg']","['별 수호자 소나', 'Sona_35.jpg']",,,,,,,,
121,16,Soraka.png,Soraka_Passive.png,['SorakaQ.png'],['SorakaW.png'],['SorakaE.png'],['SorakaR.png'],"['default', 'Soraka_0.jpg']","['나무 요정 소라카', 'Soraka_1.jpg']","['신성한 소라카', 'Soraka_2.jpg']","['천상의 빛 소라카', 'Soraka_3.jpg']","['사신 소라카', 'Soraka_4.jpg']","['바나나 수도회 소라카', 'Soraka_5.jpg']","['프로그램 소라카', 'Soraka_6.jpg']","['별 수호자 소라카', 'Soraka_7.jpg']","['파자마 수호자 소라카', 'Soraka_8.jpg']","['겨울 동화 소라카', 'Soraka_9.jpg']","['빛의 인도자 소라카', 'Soraka_15.jpg']","['어둠의 인도자 소라카', 'Soraka_16.jpg']","['프레스티지 별 수호자 소라카', 'Soraka_17.jpg']","['귀염둥이 카페 소라카', 'Soraka_18.jpg']","['영혼의 꽃 소라카', 'Soraka_27.jpg']",,,,,
122,50,Swain.png,Swain_P.png,['SwainQ.png'],['SwainW.png'],['SwainE.png'],['SwainR.png'],"['default', 'Swain_0.jpg']","['북부전선 스웨인', 'Swain_1.jpg']","['빌지워터 스웨인', 'Swain_2.jpg']","['폭군 스웨인', 'Swain_3.jpg']","['용 지배자 스웨인', 'Swain_4.jpg']","['마법공학 스웨인', 'Swain_11.jpg']","['수정 장미 스웨인', 'Swain_12.jpg']","['겨울의 축복 스웨인', 'Swain_21.jpg']",,,,,,,,,,,,
123,517,Sylas.png,SylasP.png,['SylasQ.png'],['SylasW.png'],['SylasE.png'],['SylasR.png'],"['default', 'Sylas_0.jpg']","['달빛 악령 사일러스', 'Sylas_1.jpg']","['프렐요드 사일러스', 'Sylas_8.jpg']","['프로젝트: 사일러스', 'Sylas_13.jpg']","['프레스티지 프로젝트: 사일러스', 'Sylas_14.jpg']","['전투 늑대 사일러스', 'Sylas_24.jpg']","['재의 학살자 사일러스', 'Sylas_34.jpg']",,,,,,,,,,,,,
124,134,Syndra.png,SyndraPassive.png,['SyndraQ.png'],['SyndraW.png'],['SyndraE.png'],['SyndraR.png'],"['default', 'Syndra_0.jpg']","['정의의 신드라', 'Syndra_1.jpg']","['아틀란티스 신드라', 'Syndra_2.jpg']","['다이아몬드의 퀸 신드라', 'Syndra_3.jpg']","['눈싸움 여왕 신드라', 'Syndra_4.jpg']","['SKT T1 신드라', 'Syndra_5.jpg']","['별 수호자 신드라', 'Syndra_6.jpg']","['수영장 파티 신드라', 'Syndra_7.jpg']","['메마른 장미 신드라', 'Syndra_16.jpg']","['마녀 신드라', 'Syndra_25.jpg']","['프레스티지 별 수호자 신드라', 'Syndra_34.jpg']","['영혼의 꽃 신드라', 'Syndra_44.jpg']",,,,,,,,
125,223,TahmKench.png,TahmKenchP.png,['TahmKenchQ.png'],['TahmKenchW.png'],['TahmKenchE.png'],['TahmKenchRWrapper.png'],"['default', 'TahmKench_0.jpg']","['마스터 셰프 탐 켄치', 'TahmKench_1.jpg']","['우르프 켄치', 'TahmKench_2.jpg']","['금두꺼비 탐 켄치', 'TahmKench_3.jpg']","['아르카나 탐 켄치', 'TahmKench_11.jpg']","['하이 눈 탐 켄치', 'TahmKench_20.jpg']",,,,,,,,,,,,,,
126,163,Taliyah.png,Taliyah_Passive.png,['TaliyahQ.png'],['TaliyahWVC.png'],['TaliyahE.png'],['TaliyahR.png'],"['default', 'Taliyah_0.jpg']","['프렐요드 탈리야', 'Taliyah_1.jpg']","['삼성 갤럭시 탈리야', 'Taliyah_2.jpg']","['수영장 파티 탈리야', 'Taliyah_3.jpg']","['별 수호자 탈리야', 'Taliyah_11.jpg']",,,,,,,,,,,,,,,
127,91,Talon.png,TalonP.png,['TalonQ.png'],['TalonW.png'],['TalonE.png'],['TalonR.png'],"['default', 'Talon_0.jpg']","['무법자 탈론', 'Talon_1.jpg']","['핏빛 친위대 탈론', 'Talon_2.jpg']","['은룡검 탈론', 'Talon_3.jpg']","['삼성 화이트 탈론', 'Talon_4.jpg']","['핏빛달 탈론', 'Talon_5.jpg']","['불멸의 영웅 탈론', 'Talon_12.jpg']","['검은나무 탈론', 'Talon_20.jpg']","['메마른 장미 탈론', 'Talon_29.jpg']","['하이 눈 탈론', 'Talon_38.jpg']","['프레스티지 하이 눈 탈론', 'Talon_39.jpg']",,,,,,,,,
128,44,Taric.png,Taric_Passive.png,['TaricQ.png'],['TaricW.png'],['TaricE.png'],['TaricR.png'],"['default', 'Taric_0.jpg']","['에메랄드 타릭', 'Taric_1.jpg']","['다섯번째 성기사 타릭', 'Taric_2.jpg']","['혈석 타릭', 'Taric_3.jpg']","['수영장 파티 타릭', 'Taric_4.jpg']","['빛의 방패 타릭', 'Taric_9.jpg']","['우주 그루브 타릭', 'Taric_18.jpg']",,,,,,,,,,,,,
129,17,Teemo.png,Teemo_P.png,['BlindingDart.png'],['MoveQuick.png'],['ToxicShot.png'],['TeemoRCast.png'],"['default', 'Teemo_0.jpg']","['행복한 엘프 티모', 'Teemo_1.jpg']","['정찰부대 티모', 'Teemo_2.jpg']","['오소리 티모', 'Teemo_3.jpg']","['우주비행사 티모', 'Teemo_4.jpg']","['복실복실 티모', 'Teemo_5.jpg']","['슈퍼 티모', 'Teemo_6.jpg']","['판다 티모', 'Teemo_7.jpg']","['오메가 분대 티모', 'Teemo_8.jpg']","['작은 악마 티모', 'Teemo_14.jpg']","['꿀잼 티모', 'Teemo_18.jpg']","['영혼의 꽃 티모', 'Teemo_25.jpg']","['프레스티지 영혼의 꽃 티모', 'Teemo_27.jpg']","['불꽃놀이 티모', 'Teemo_37.jpg']","['우주 그루브 티모', 'Teemo_47.jpg']",,,,,
130,412,Thresh.png,Thresh_Passive.png,['ThreshQ.png'],['ThreshW.png'],['ThreshE.png'],['ThreshRPenta.png'],"['default', 'Thresh_0.jpg']","['심연의 공포 쓰레쉬', 'Thresh_1.jpg']","['챔피언십 쓰레쉬', 'Thresh_2.jpg']","['핏빛달 쓰레쉬', 'Thresh_3.jpg']","['삼성 화이트 쓰레쉬', 'Thresh_4.jpg']","['암흑의 별 쓰레쉬', 'Thresh_5.jpg']","['하이 눈 쓰레쉬', 'Thresh_6.jpg']","['펄스 건 쓰레쉬', 'Thresh_13.jpg']","['프레스티지 펄스 건 쓰레쉬', 'Thresh_14.jpg']","['FPX 쓰레쉬', 'Thresh_15.jpg']","['영혼의 꽃 쓰레쉬', 'Thresh_17.jpg']","['해방된 쓰레쉬', 'Thresh_27.jpg']","['강철용 쓰레쉬', 'Thresh_28.jpg']","['프레스티지 펄스 건 쓰레쉬 (2022)', 'Thresh_38.jpg']","['달빛 황제 쓰레쉬', 'Thresh_39.jpg']",,,,,
131,18,Tristana.png,Tristana_Passive.png,['TristanaQ.png'],['TristanaW.png'],['TristanaE.png'],['TristanaR.png'],"['default', 'Tristana_0.jpg']","['라이엇걸 트리스타나', 'Tristana_1.jpg']","['성실한 엘프 트리스타나', 'Tristana_2.jpg']","['소방수 트리스타나', 'Tristana_3.jpg']","['게릴라 트리스타나', 'Tristana_4.jpg']","['해적 트리스타나', 'Tristana_5.jpg']","['로켓걸 트리스타나', 'Tristana_6.jpg']","['용 조련사 트리스타나', 'Tristana_10.jpg']","['마녀 트리스타나', 'Tristana_11.jpg']","['오메가 분대 트리스타나', 'Tristana_12.jpg']","['꼬마 악마 트리스타나', 'Tristana_24.jpg']","['펭구 코스프레 트리스타나', 'Tristana_33.jpg']","['마법공학 트리스타나', 'Tristana_40.jpg']","['불꽃놀이 트리스타나', 'Tristana_41.jpg']","['영혼의 꽃 트리스타나', 'Tristana_51.jpg']",,,,,
132,48,Trundle.png,Trundle_Passive.png,['TrundleTrollSmash.png'],['trundledesecrate.png'],['TrundleCircle.png'],['TrundlePain.png'],"['default', 'Trundle_0.jpg']","['국민타자 트런들', 'Trundle_1.jpg']","['쓰레기장 트런들', 'Trundle_2.jpg']","['(구) 트런들', 'Trundle_3.jpg']","['순경 트런들', 'Trundle_4.jpg']","['파괴의 신 트런들', 'Trundle_5.jpg']","['용 사냥꾼 트런들', 'Trundle_6.jpg']","['공포의 밤 트런들', 'Trundle_12.jpg']",,,,,,,,,,,,
133,23,Tryndamere.png,Tryndamere_Passive.png,['TryndamereQ.png'],['TryndamereW.png'],['TryndamereE.png'],['UndyingRage.png'],"['default', 'Tryndamere_0.jpg']","['최후의 전사 트린다미어', 'Tryndamere_1.jpg']","['국왕 트린다미어 ', 'Tryndamere_2.jpg']","['바이킹 트린다미어', 'Tryndamere_3.jpg']","['마검 트린다미어', 'Tryndamere_4.jpg']","['술탄 트린다미어', 'Tryndamere_5.jpg']","['대장군 트린다미어', 'Tryndamere_6.jpg']","['악몽의 트린다미어', 'Tryndamere_7.jpg']","['괴물 사냥꾼 트린다미어', 'Tryndamere_8.jpg']","['화학공학 트린다미어', 'Tryndamere_9.jpg']","['핏빛달 트린다미어', 'Tryndamere_10.jpg']","['어둠의 인도자 트린다미어', 'Tryndamere_18.jpg']",,,,,,,,
134,4,TwistedFate.png,Cardmaster_SealFate.png,['WildCards.png'],['PickACard.png'],['CardmasterStack.png'],['Destiny.png'],"['default', 'TwistedFate_0.jpg']","['PAX 트위스티드 페이트', 'TwistedFate_1.jpg']","['하트의 잭 트위스티드 페이트', 'TwistedFate_2.jpg']","['위대한 트위스티드 페이트', 'TwistedFate_3.jpg']","['탱고 트위스티드 페이트', 'TwistedFate_4.jpg']","['하이 눈 트위스티드 페이트', 'TwistedFate_5.jpg']","['삼총사 트위스티드 페이트', 'TwistedFate_6.jpg']","['언더월드 트위스티드 페이트', 'TwistedFate_7.jpg']","['레드카드 트위스티드 페이트', 'TwistedFate_8.jpg']","['소매치기 트위스티드 페이트', 'TwistedFate_9.jpg']","['핏빛달 트위스티드 페이트', 'TwistedFate_10.jpg']","['펄스 건 트위스티드 페이트', 'TwistedFate_11.jpg']","['오디세이 트위스티드 페이트', 'TwistedFate_13.jpg']","['DWG 트위스티드 페이트', 'TwistedFate_23.jpg']","['범죄 도시 악몽 트위스티드 페이트', 'TwistedFate_25.jpg']","['우주 그루브 트위스티드 페이트', 'TwistedFate_36.jpg']",,,,
135,29,Twitch.png,Twitch_Passive.png,['TwitchHideInShadows.png'],['TwitchVenomCask.png'],['TwitchExpunge.png'],['TwitchFullAutomatic.png'],"['default', 'Twitch_0.jpg']","['형님 트위치', 'Twitch_1.jpg']","['평창 트위치', 'Twitch_2.jpg']","['중세 트위치', 'Twitch_3.jpg']","['범죄 도시 트위치', 'Twitch_4.jpg']","['파괴단 트위치', 'Twitch_5.jpg']","['소매치기 트위치', 'Twitch_6.jpg']","['삼성 화이트 트위치', 'Twitch_7.jpg']","['오메가 분대 트위치', 'Twitch_8.jpg']","['빙하의 제왕 트위치', 'Twitch_12.jpg']","['그림자 도적 트위치', 'Twitch_27.jpg']","['용 사냥꾼 트위치', 'Twitch_36.jpg']","['하이 눈 트위치', 'Twitch_45.jpg']",,,,,,,
136,77,Udyr.png,Udyr_P.UdyrVGU.png,['UdyrQ.png'],['UdyrW.png'],['UdyrE.png'],['UdyrR.png'],"['default', 'Udyr_0.jpg']","['검은띠 우디르', 'Udyr_1.jpg']","['태고의 우디르', 'Udyr_2.jpg']","['정령 수호자 우디르', 'Udyr_3.jpg']","['나 우디르 아니다', 'Udyr_4.jpg']","['용의 사도 우디르', 'Udyr_5.jpg']","['먹그림자 우디르', 'Udyr_6.jpg']",,,,,,,,,,,,,
137,6,Urgot.png,Urgot_Passive.png,['UrgotQ.png'],['UrgotW.png'],['UrgotE.png'],['UrgotR.png'],"['default', 'Urgot_0.jpg']","['대게 우르곳', 'Urgot_1.jpg']","['도살자 우르곳', 'Urgot_2.jpg']","['전투 기계 우르곳', 'Urgot_3.jpg']","['하이 눈 우르곳', 'Urgot_9.jpg']","['파자마 수호자 코스프레 우르곳', 'Urgot_15.jpg']","['공포의 밤 우르곳', 'Urgot_23.jpg']",,,,,,,,,,,,,
138,110,Varus.png,VarusPassive.png,['VarusQ.png'],['VarusW.png'],['VarusE.png'],['VarusR.png'],"['default', 'Varus_0.jpg']","['역병 수정 바루스', 'Varus_1.jpg']","['빛의 바루스', 'Varus_2.jpg']","['설원 특공대 바루스', 'Varus_3.jpg']","['사랑의 추적자 바루스', 'Varus_4.jpg']","['날쌘 화살 바루스', 'Varus_5.jpg']","['암흑의 별 바루스', 'Varus_6.jpg']","['정복자 바루스', 'Varus_7.jpg']","['지옥의 바루스', 'Varus_9.jpg']","['프로젝트: 바루스', 'Varus_16.jpg']","['우주 사냥꾼 바루스', 'Varus_17.jpg']","['하이 눈 바루스', 'Varus_34.jpg']",,,,,,,,
139,67,Vayne.png,Vayne_NightHunter.png,['VayneTumble.png'],['VayneSilveredBolts.png'],['VayneCondemn.png'],['VayneInquisition.png'],"['default', 'Vayne_0.jpg']","['수호자 베인', 'Vayne_1.jpg']","['귀족 베인', 'Vayne_2.jpg']","['용 사냥꾼 베인', 'Vayne_3.jpg']","['사랑의 추적자 베인', 'Vayne_4.jpg']","['SKT T1 베인', 'Vayne_5.jpg']","['빛의 베인', 'Vayne_6.jpg']","['영혼약탈자 베인', 'Vayne_10.jpg']","['프로젝트: 베인', 'Vayne_11.jpg']","['불꽃놀이 베인', 'Vayne_12.jpg']","['프레스티지 불꽃놀이 베인', 'Vayne_13.jpg']","['영혼의 꽃 베인', 'Vayne_14.jpg']","['FPX 베인', 'Vayne_15.jpg']","['감시자 베인', 'Vayne_25.jpg']","['전투 박쥐 베인', 'Vayne_32.jpg']","['프레스티지 불꽃놀이 베인 (2022)', 'Vayne_33.jpg']","['빛의 인도자 베인', 'Vayne_44.jpg']",,,
140,45,Veigar.png,VeigarEntropy.png,['VeigarBalefulStrike.png'],['VeigarDarkMatter.png'],['VeigarEventHorizon.png'],['VeigarR.png'],"['default', 'Veigar_0.jpg']","['백마법사 베이가', 'Veigar_1.jpg']","['컬링 베이가', 'Veigar_2.jpg']","['회색의 베이가', 'Veigar_3.jpg']","['레프러칸 베이가', 'Veigar_4.jpg']","['베이가 남작', 'Veigar_5.jpg']","['슈퍼 악당 베이가', 'Veigar_6.jpg']","['나쁜 산타 베이가', 'Veigar_7.jpg']","['끝판왕 베이가', 'Veigar_8.jpg']","['오메가 분대 베이가', 'Veigar_9.jpg']","['나무정령 베이가', 'Veigar_13.jpg']","['뿔보 코스프레 베이가', 'Veigar_23.jpg']","['우주비행사 베이가', 'Veigar_32.jpg']","['괴물 조련사 베이가', 'Veigar_41.jpg']",,,,,,
141,161,Velkoz.png,VelKoz_Passive.png,['VelkozQ.png'],['VelkozW.png'],['VelkozE.png'],['VelkozR.png'],"['default', 'Velkoz_0.jpg']","['전투 기계 벨코즈', 'Velkoz_1.jpg']","['빛의 벨코즈', 'Velkoz_2.jpg']","['나 벨코즈 아니다', 'Velkoz_3.jpg']","['지옥의 벨코즈', 'Velkoz_4.jpg']","['어둠서리 벨코즈', 'Velkoz_11.jpg']",,,,,,,,,,,,,,
142,711,Vex.png,Icons_Vex_Passive.png,['VexQ.png'],['VexW.png'],['VexE.png'],['VexR.png'],"['default', 'Vex_0.jpg']","['빛의 인도자 벡스', 'Vex_1.jpg']","['창공 벡스', 'Vex_10.jpg']",,,,,,,,,,,,,,,,,
143,254,Vi.png,ViPassive.png,['ViQ.png'],['ViW.png'],['ViE.png'],['ViR.png'],"['default', 'Vi_0.jpg']","['네온 주먹 바이', 'Vi_1.jpg']","['바이 경관', 'Vi_2.jpg']","['연미복 바이', 'Vi_3.jpg']","['데몬 바이', 'Vi_4.jpg']","['대장군 바이', 'Vi_5.jpg']","['프로젝트: 바이', 'Vi_11.jpg']","['사랑꾼 바이', 'Vi_12.jpg']","['초능력특공대 바이', 'Vi_20.jpg']","['아케인 바이', 'Vi_29.jpg']","['가슴앓이 바이', 'Vi_30.jpg']",,,,,,,,,
144,234,Viego.png,Viego_Passive.png,['ViegoQ.png'],['ViegoW.png'],['ViegoE.png'],['ViegoR.png'],"['default', 'Viego_0.jpg']","['새해 야수 비에고', 'Viego_1.jpg']","['펜타킬의 불협화음 비에고', 'Viego_10.jpg']","['EDG 비에고', 'Viego_19.jpg']","['왕 비에고', 'Viego_21.jpg']",,,,,,,,,,,,,,,
145,112,Viktor.png,Viktor_Passive.png,['ViktorPowerTransfer.png'],['ViktorGravitonField.png'],['ViktorDeathRay.png'],['ViktorChaosStorm.png'],"['default', 'Viktor_0.jpg']","['완성형 빅토르', 'Viktor_1.jpg']","['프로토타입 빅토르', 'Viktor_2.jpg']","['창조자 빅토르', 'Viktor_3.jpg']","['죽음의 사도 빅토르', 'Viktor_4.jpg']","['초능력특공대 빅토르', 'Viktor_5.jpg']","['하이 눈 빅토르', 'Viktor_14.jpg']",,,,,,,,,,,,,
146,8,Vladimir.png,VladimirP.png,['VladimirQ.png'],['VladimirSanguinePool.png'],['VladimirE.png'],['VladimirHemoplague.png'],"['default', 'Vladimir_0.jpg']","['블라디미르 백작', 'Vladimir_1.jpg']","['블라디미르 후작', 'Vladimir_2.jpg']","['노스페라투 블라디미르', 'Vladimir_3.jpg']","['파괴단 블라디미르', 'Vladimir_4.jpg']","['피의 군주 블라디미르', 'Vladimir_5.jpg']","['영혼약탈자 블라디미르', 'Vladimir_6.jpg']","['학생 회장 블라디미르', 'Vladimir_7.jpg']","['칠흑 물결 블라디미르', 'Vladimir_8.jpg']","['어둠의 인도자 블라디미르', 'Vladimir_14.jpg']","['우주 포식자 블라디미르', 'Vladimir_21.jpg']","['귀염둥이 카페 블라디미르', 'Vladimir_30.jpg']","['깨진 언약 블라디미르', 'Vladimir_39.jpg']",,,,,,,
147,106,Volibear.png,Volibear_Icon_P.png,['VolibearQ.png'],['VolibearW.png'],['VolibearE.png'],['VolibearR.png'],"['default', 'Volibear_0.jpg']","['천둥 군주 볼리베어', 'Volibear_1.jpg']","['북극 폭풍 볼리베어', 'Volibear_2.jpg']","['룬 수호자 볼리베어', 'Volibear_3.jpg']","['볼리베어 경위', 'Volibear_4.jpg']","['프로레슬러 볼리베어', 'Volibear_5.jpg']","['천 번 찔린 곰', 'Volibear_6.jpg']","['이중용 볼리베어', 'Volibear_7.jpg']","['프레스티지 이중용 볼리베어', 'Volibear_9.jpg']",,,,,,,,,,,
148,19,Warwick.png,WarwickP.png,['WarwickQ.png'],['WarwickW.png'],['WarwickE.png'],['WarwickR.png'],"['default', 'Warwick_0.jpg']","['회색 워윅', 'Warwick_1.jpg']","['바다사자 우르프', 'Warwick_2.jpg']","['크고 사나운 워윅', 'Warwick_3.jpg']","['극지 사냥꾼 워윅', 'Warwick_4.jpg']","['야성의 워윅', 'Warwick_5.jpg']","['불송곳니 워윅', 'Warwick_6.jpg']","['하이에나 워윅', 'Warwick_7.jpg']","['습격자 워윅', 'Warwick_8.jpg']","['우르프 워윅', 'Warwick_9.jpg']","['달빛 수호자 워윅', 'Warwick_10.jpg']","['프로젝트: 워윅', 'Warwick_16.jpg']","['고대 신 워윅', 'Warwick_35.jpg']","['겨울의 축복 워윅', 'Warwick_45.jpg']","['프레스티지 겨울의 축복 워윅', 'Warwick_46.jpg']",,,,,
149,498,Xayah.png,XayahPassive.png,['XayahQ.png'],['XayahW.png'],['XayahE.png'],['XayahR.png'],"['default', 'Xayah_0.jpg']","['황혼 우주 자야', 'Xayah_1.jpg']","['사랑의 자야', 'Xayah_2.jpg']","['삼성 갤럭시 자야', 'Xayah_3.jpg']","['별 수호자 자야', 'Xayah_4.jpg']","['나무정령 자야', 'Xayah_8.jpg']","['용감한 불사조 자야', 'Xayah_17.jpg']","['프레스티지 용감한 불사조 자야', 'Xayah_26.jpg']","['아르카나 자야', 'Xayah_28.jpg']","['깨진 언약 자야', 'Xayah_37.jpg']",,,,,,,,,,
150,101,Xerath.png,Xerath_Passive1.png,['XerathArcanopulseChargeUp.png'],['XerathArcaneBarrage2.png'],['XerathMageSpear.png'],['XerathLocusOfPower2.png'],"['default', 'Xerath_0.jpg']","['룬 제라스', 'Xerath_1.jpg']","['전투 기계 제라스', 'Xerath_2.jpg']","['용광로 제라스', 'Xerath_3.jpg']","['사막의 수호자 제라스', 'Xerath_4.jpg']","['암흑의 별 제라스', 'Xerath_5.jpg']","['아르카나 제라스', 'Xerath_12.jpg']","['우주비행사 제라스', 'Xerath_21.jpg']",,,,,,,,,,,,
151,5,XinZhao.png,XinZhaoP.png,['XinZhaoQ.png'],['XinZhaoW.png'],['XinZhaoE.png'],['XinZhaoR.png'],"['default', 'XinZhao_0.jpg']","['특공대 신 짜오', 'XinZhao_1.jpg']","['제국의 신 짜오', 'XinZhao_2.jpg']","['검투사 신 짜오', 'XinZhao_3.jpg']","['윙드후사르 신 짜오', 'XinZhao_4.jpg']","['대장군 신 짜오', 'XinZhao_5.jpg']","['비밀요원 신 짜오', 'XinZhao_6.jpg']","['용 사냥꾼 신 짜오', 'XinZhao_13.jpg']","['우주의 수호자 신 짜오', 'XinZhao_20.jpg']","['습격자 신 짜오', 'XinZhao_27.jpg']","['불꽃놀이 신 짜오', 'XinZhao_36.jpg']",,,,,,,,,
152,157,Yasuo.png,Yasuo_Passive.png,['YasuoQ1Wrapper.png'],['YasuoW.png'],['YasuoE.png'],['YasuoR.png'],"['default', 'Yasuo_0.jpg']","['하이 눈 야스오', 'Yasuo_1.jpg']","['프로젝트: 야스오', 'Yasuo_2.jpg']","['핏빛달 야스오', 'Yasuo_3.jpg']","['어둠의 인도자 야스오', 'Yasuo_9.jpg']","['오디세이 야스오', 'Yasuo_10.jpg']","['중간보스 야스오', 'Yasuo_17.jpg']","['True Damage 야스오', 'Yasuo_18.jpg']","['프레스티지 True Damage 야스오', 'Yasuo_35.jpg']","['영혼의 꽃 야스오', 'Yasuo_36.jpg']","['뱃사람 야스오', 'Yasuo_45.jpg']","['진리용 야스오', 'Yasuo_54.jpg']","['몽상용 야스오', 'Yasuo_55.jpg']","['먹그림자 야스오', 'Yasuo_56.jpg']",,,,,,
153,777,Yone.png,YonePassive.png,['YoneQ.png'],['YoneW.png'],['YoneE.png'],['YoneR.png'],"['default', 'Yone_0.jpg']","['영혼의 꽃 요네', 'Yone_1.jpg']","['전투사관학교 요네', 'Yone_10.jpg']","['빛의 인도자 요네', 'Yone_19.jpg']","['바다의 노래 요네', 'Yone_26.jpg']","['먹그림자 요네', 'Yone_35.jpg']",,,,,,,,,,,,,,
154,83,Yorick.png,Yorick_P.png,['YorickQ.png'],['YorickW.png'],['YorickE.png'],['YorickR.png'],"['default', 'Yorick_0.jpg']","['장의사 요릭', 'Yorick_1.jpg']","['펜타킬 요릭', 'Yorick_2.jpg']","['빛의 요릭', 'Yorick_3.jpg']","['요릭냥이', 'Yorick_4.jpg']","['저항군 요릭', 'Yorick_12.jpg']","['펜타킬 III: 사라진 양피지 요릭', 'Yorick_21.jpg']","['영혼의 꽃 요릭', 'Yorick_30.jpg']",,,,,,,,,,,,
155,350,Yuumi.png,YuumiP.png,['YuumiQ.png'],['YuumiW.png'],['YuumiE.png'],['YuumiR.png'],"['default', 'Yuumi_0.jpg']","['전투사관학교 유미 교장선생님', 'Yuumi_1.jpg']","['사랑의 추적자 유미', 'Yuumi_11.jpg']","['꿀잼 유미', 'Yuumi_19.jpg']","['마녀 유미', 'Yuumi_28.jpg']","['EDG 유미', 'Yuumi_37.jpg']","['시바견 유미', 'Yuumi_39.jpg']",,,,,,,,,,,,,
156,154,Zac.png,ZacPassive.png,['ZacQ.png'],['ZacW.png'],['ZacE.png'],['ZacR.png'],"['default', 'Zac_0.jpg']","['특수 병기 자크', 'Zac_1.jpg']","['수영장 파티 자크', 'Zac_2.jpg']","['SKT T1 자크', 'Zac_6.jpg']","['전투 기계 자크', 'Zac_7.jpg']","['창공 자크', 'Zac_14.jpg']",,,,,,,,,,,,,,
157,238,Zed.png,shadowninja_P.png,['ZedQ.png'],['ZedW.png'],['ZedE.png'],['ZedR.png'],"['default', 'Zed_0.jpg']","['칼날폭풍 제드', 'Zed_1.jpg']","['SKT T1 제드', 'Zed_2.jpg']","['프로젝트: 제드', 'Zed_3.jpg']","['챔피언십 제드', 'Zed_10.jpg']","['죽음의 사도 제드', 'Zed_11.jpg']","['은하계 학살자 제드', 'Zed_13.jpg']","['초능력특공대 제드', 'Zed_15.jpg']","['프레스티지 프로젝트: 제드', 'Zed_30.jpg']","['연미복 제드', 'Zed_31.jpg']","['창공 제드', 'Zed_38.jpg']",,,,,,,,,
158,221,Zeri.png,ZeriP.png,['ZeriQ.png'],['ZeriW.png'],['ZeriE.png'],['ZeriR.png'],"['default', 'Zeri_0.jpg']","['메마른 장미 제리', 'Zeri_1.jpg']","['바다의 노래 제리', 'Zeri_10.jpg']",,,,,,,,,,,,,,,,,
159,115,Ziggs.png,ZiggsPassiveReady.png,['ZiggsQ.png'],['ZiggsW.png'],['ZiggsE.png'],['ZiggsR.png'],"['default', 'Ziggs_0.jpg']","['미친 과학자 직스', 'Ziggs_1.jpg']","['직스 소령', 'Ziggs_2.jpg']","['수영장 파티 직스', 'Ziggs_3.jpg']","['눈싸움 대장 직스', 'Ziggs_4.jpg']","['비전 마법 대가 직스', 'Ziggs_5.jpg']","['중간보스 직스', 'Ziggs_6.jpg']","['오디세이 직스', 'Ziggs_7.jpg']","['달콤 가득 직스', 'Ziggs_14.jpg']","['마법공학 직스', 'Ziggs_23.jpg']","['꿀잼 직스', 'Ziggs_24.jpg']",,,,,,,,,
160,26,Zilean.png,Zilean_Passive.png,['ZileanQ.png'],['ZileanW.png'],['TimeWarp.png'],['ChronoShift.png'],"['default', 'Zilean_0.jpg']","['산타 질리언', 'Zilean_1.jpg']","['신바람난 질리언', 'Zilean_2.jpg']","['슈리마 사막의 질리언', 'Zilean_3.jpg']","['타임머신 질리언', 'Zilean_4.jpg']","['핏빛달 질리언', 'Zilean_5.jpg']","['달콤 가득 질리언', 'Zilean_6.jpg']","['겨울의 축복 질리언', 'Zilean_14.jpg']",,,,,,,,,,,,
161,142,Zoe.png,Zoe_P.png,['ZoeQ.png'],['ZoeW.png'],['ZoeE.png'],['ZoeR.png'],"['default', 'Zoe_0.jpg']","['알록달록 해커 조이', 'Zoe_1.jpg']","['수영장 파티 조이', 'Zoe_2.jpg']","['별 수호자 조이', 'Zoe_9.jpg']","['비전 마법사 조이', 'Zoe_18.jpg']","['프레스티지 비전 마법사 조이', 'Zoe_19.jpg']","['EDG 조이', 'Zoe_20.jpg']","['겨울의 축복 조이', 'Zoe_22.jpg']",,,,,,,,,,,,
162,143,Zyra.png,ZyraP.png,['ZyraQ.png'],['ZyraW.png'],['ZyraE.png'],['ZyraR.png'],"['default', 'Zyra_0.jpg']","['불타는 자이라', 'Zyra_1.jpg']","['악령 자이라', 'Zyra_2.jpg']","['SKT T1 자이라', 'Zyra_3.jpg']","['용 소환사 자이라', 'Zyra_4.jpg']","['악의 여단 자이라', 'Zyra_5.jpg']","['프레스티지 악의 여단 자이라', 'Zyra_6.jpg']","['수정 장미 자이라', 'Zyra_7.jpg']","['범죄 도시 악몽 자이라', 'Zyra_16.jpg']","['신화 창조자 자이라', 'Zyra_36.jpg']",,,,,,,,,,
